station,date,temp,dew_point,wind_speed,precipitation
7156099999.0,2019-01-01,47.1,41.8,5.6,0.01
7156099999.0,2019-01-02,43.3,34.4,7.2,0.0
7156099999.0,2019-01-03,41.8,35.0,6.0,0.0
7156099999.0,2019-01-04,40.5,34.1,5.8,0.0
7156099999.0,2019-01-05,41.1,32.8,7.4,0.0
7156099999.0,2019-01-06,42.2,34.7,4.4,0.0
7156099999.0,2019-01-07,45.2,41.1,5.1,0.0
7156099999.0,2019-01-08,47.2,39.6,8.2,0.02
7156099999.0,2019-01-09,41.3,33.1,9.8,0.0
7156099999.0,2019-01-10,39.1,30.3,6.8,0.03
7156099999.0,2019-01-11,43.2,39.0,4.4,0.0
7156099999.0,2019-01-12,46.4,41.9,6.5,0.05
7156099999.0,2019-01-13,50.8,45.4,8.8,0.03
7156099999.0,2019-01-14,47.8,38.8,7.7,0.03
7156099999.0,2019-01-15,45.7,35.5,4.9,0.0
7156099999.0,2019-01-16,41.3,34.5,6.4,0.0
7156099999.0,2019-01-17,41.8,35.1,7.3,0.12
7156099999.0,2019-01-18,36.3,29.6,4.5,0.0
7156099999.0,2019-01-19,33.0,30.3,5.5,0.0
7156099999.0,2019-01-20,36.6,34.3,5.6,0.16
7156099999.0,2019-01-21,32.1,25.3,4.1,0.03
7156099999.0,2019-01-22,31.8,30.1,6.9,0.0
7156099999.0,2019-01-23,34.4,31.7,7.6,0.29
7156099999.0,2019-01-24,34.2,29.6,4.8,0.04
7156099999.0,2019-01-25,39.0,37.4,3.8,0.04
7156099999.0,2019-01-26,47.0,44.0,7.1,0.05
7156099999.0,2019-01-27,43.6,38.1,9.4,0.06
7156099999.0,2019-01-28,39.9,31.0,7.7,0.17
7156099999.0,2019-01-29,35.1,30.0,6.1,0.0
7156099999.0,2019-01-30,36.1,32.3,6.7,0.77
7156099999.0,2019-01-31,34.3,31.5,6.4,0.02
7156099999.0,2019-02-01,41.8,40.0,4.3,0.05
7156099999.0,2019-02-02,39.9,34.9,9.7,0.63
7156099999.0,2019-02-03,38.8,30.7,7.5,0.0
7156099999.0,2019-02-04,35.8,29.7,5.9,0.0
7156099999.0,2019-02-05,40.5,34.4,4.3,0.0
7156099999.0,2019-02-06,45.2,43.5,5.9,0.0
7156099999.0,2019-02-07,47.8,40.9,8.4,0.16
7156099999.0,2019-02-08,47.8,42.9,10.5,0.03
7156099999.0,2019-02-09,49.4,41.1,9.7,0.07
7156099999.0,2019-02-10,46.9,41.3,12.4,0.14
7156099999.0,2019-02-11,43.3,36.2,6.5,0.33
7156099999.0,2019-02-12,40.9,34.7,2.9,0.01
7156099999.0,2019-02-13,39.1,32.9,3.1,0.0
7156099999.0,2019-02-14,44.0,35.0,3.2,0.0
7156099999.0,2019-02-15,46.9,35.3,3.7,0.0
7156099999.0,2019-02-16,47.2,37.0,3.6,0.0
7156099999.0,2019-02-17,49.7,34.3,5.5,0.0
7156099999.0,2019-02-18,49.3,36.0,5.3,0.0
7156099999.0,2019-02-19,46.8,40.8,4.2,0.0
7156099999.0,2019-02-20,45.8,40.0,3.0,0.0
7156099999.0,2019-02-21,49.3,40.7,2.7,0.0
7156099999.0,2019-02-22,51.6,41.2,3.0,0.0
7156099999.0,2019-02-23,51.9,37.7,5.0,0.0
7156099999.0,2019-02-24,49.2,25.5,4.5,0.0
7156099999.0,2019-02-25,52.6,29.1,4.7,0.0
7156099999.0,2019-02-26,54.3,36.4,3.4,0.0
7156099999.0,2019-02-27,54.6,40.8,2.9,0.0
7156099999.0,2019-02-28,52.8,44.2,7.8,0.0
7156099999.0,2019-03-01,50.6,45.0,6.7,0.05
7156099999.0,2019-03-02,50.6,43.2,6.2,0.04
7156099999.0,2019-03-03,54.3,46.3,11.6,0.02
7156099999.0,2019-03-04,48.4,39.6,11.9,0.17
7156099999.0,2019-03-05,47.4,41.8,7.4,0.09
7156099999.0,2019-03-06,50.4,43.3,6.9,0.04
7156099999.0,2019-03-07,48.7,40.1,10.0,0.48
7156099999.0,2019-03-08,48.5,38.4,8.7,0.0
7156099999.0,2019-03-09,53.1,46.1,7.9,0.03
7156099999.0,2019-03-10,52.4,40.2,12.5,0.25
7156099999.0,2019-03-11,45.0,32.1,9.0,0.03
7156099999.0,2019-03-12,45.9,34.7,9.9,0.03
7156099999.0,2019-03-13,45.3,35.3,10.6,0.1
7156099999.0,2019-03-14,48.9,44.5,10.3,0.04
7156099999.0,2019-03-15,55.0,47.9,11.1,0.23
7156099999.0,2019-03-16,52.9,43.7,10.1,0.01
7156099999.0,2019-03-17,45.4,37.8,9.1,0.11
7156099999.0,2019-03-18,45.6,36.4,6.2,0.09
7156099999.0,2019-03-19,48.1,35.8,3.1,0.0
7156099999.0,2019-03-20,49.7,39.5,3.0,0.0
7156099999.0,2019-03-21,53.1,41.2,5.1,0.0
7156099999.0,2019-03-22,53.9,40.6,3.4,0.0
7156099999.0,2019-03-23,49.8,41.3,5.8,0.0
7156099999.0,2019-03-24,49.9,40.8,6.8,0.0
7156099999.0,2019-03-25,47.7,33.2,9.0,0.0
7156099999.0,2019-03-26,48.9,33.8,7.3,0.0
7156099999.0,2019-03-27,49.6,36.4,7.5,0.0
7156099999.0,2019-03-28,50.9,37.8,7.0,0.0
7156099999.0,2019-03-29,54.6,40.3,4.5,0.0
7156099999.0,2019-03-30,56.4,35.3,3.6,0.0
7156099999.0,2019-03-31,58.5,38.0,6.4,0.0
7156099999.0,2019-04-01,58.4,40.7,5.5,0.0
7156099999.0,2019-04-02,53.6,43.1,7.0,0.02
7156099999.0,2019-04-03,44.6,34.3,5.7,0.18
7156099999.0,2019-04-04,45.5,30.7,5.4,0.01
7156099999.0,2019-04-05,48.5,32.6,5.6,0.0
7156099999.0,2019-04-06,53.7,38.6,6.2,0.0
7156099999.0,2019-04-07,53.9,40.1,4.3,0.0
7156099999.0,2019-04-08,54.8,41.2,3.7,0.0
7156099999.0,2019-04-09,53.3,45.3,4.5,0.0
7156099999.0,2019-04-10,51.6,45.7,7.2,0.0
7156099999.0,2019-04-11,48.5,33.7,9.4,0.13
7156099999.0,2019-04-12,45.6,29.6,8.3,0.0
7156099999.0,2019-04-13,43.9,24.6,7.7,0.0
7156099999.0,2019-04-14,43.0,27.6,6.0,0.0
7156099999.0,2019-04-15,51.5,33.0,6.6,0.0
7156099999.0,2019-04-16,53.2,42.8,4.3,0.0
7156099999.0,2019-04-17,56.3,44.2,4.6,0.0
7156099999.0,2019-04-18,63.9,46.0,5.8,0.0
7156099999.0,2019-04-19,66.4,44.6,4.2,0.0
7156099999.0,2019-04-20,69.2,43.0,5.9,0.01
7156099999.0,2019-04-21,66.8,39.9,4.6,0.0
7156099999.0,2019-04-22,66.5,44.2,3.3,0.0
7156099999.0,2019-04-23,63.8,45.9,3.4,0.0
7156099999.0,2019-04-24,57.6,48.1,7.2,0.0
7156099999.0,2019-04-25,52.9,45.9,7.3,0.23
7156099999.0,2019-04-26,53.8,43.8,5.8,0.01
7156099999.0,2019-04-27,50.5,40.6,9.4,0.05
7156099999.0,2019-04-28,49.1,40.8,6.7,0.09
7156099999.0,2019-04-29,54.0,41.7,4.0,0.05
7156099999.0,2019-04-30,53.6,44.0,5.9,0.0
7156099999.0,2019-05-01,56.1,46.1,4.8,0.0
7156099999.0,2019-05-02,54.1,45.4,5.9,0.0
7156099999.0,2019-05-03,52.4,45.1,4.3,0.12
7156099999.0,2019-05-04,44.8,38.2,8.8,0.28
7156099999.0,2019-05-05,46.3,35.9,8.0,0.2
7156099999.0,2019-05-06,49.1,34.2,3.1,0.03
7156099999.0,2019-05-07,54.1,36.4,4.5,0.0
7156099999.0,2019-05-08,53.2,47.9,6.6,0.09
7156099999.0,2019-05-09,53.8,46.8,7.2,0.49
7156099999.0,2019-05-10,55.3,47.3,4.5,0.04
7156099999.0,2019-05-11,53.7,46.8,7.7,1.72
7156099999.0,2019-05-12,52.8,38.6,8.3,0.45
7156099999.0,2019-05-13,55.9,36.0,9.2,0.0
7156099999.0,2019-05-14,58.0,34.7,8.7,0.0
7156099999.0,2019-05-15,58.6,36.0,7.4,0.0
7156099999.0,2019-05-16,57.7,36.6,6.1,0.0
7156099999.0,2019-05-17,58.7,44.4,3.9,0.0
7156099999.0,2019-05-18,59.0,51.8,3.0,0.02
7156099999.0,2019-05-19,57.5,53.5,4.6,0.68
7156099999.0,2019-05-20,58.8,49.9,6.6,0.01
7156099999.0,2019-05-21,60.8,49.0,4.7,0.01
7156099999.0,2019-05-22,62.2,44.8,3.1,0.0
7156099999.0,2019-05-23,65.0,46.6,3.5,0.0
7156099999.0,2019-05-24,65.5,50.2,5.7,0.0
7156099999.0,2019-05-25,63.6,50.2,4.8,0.0
7156099999.0,2019-05-26,61.6,52.6,5.6,0.04
7156099999.0,2019-05-27,62.4,48.8,6.2,0.0
7156099999.0,2019-05-28,57.0,45.3,7.1,0.0
7156099999.0,2019-05-29,59.7,45.8,4.7,0.01
7156099999.0,2019-05-30,63.7,54.7,4.7,0.0
7156099999.0,2019-05-31,67.4,53.6,2.9,0.0
7156099999.0,2019-06-01,73.3,57.5,3.6,0.0
7156099999.0,2019-06-02,78.3,56.4,6.3,0.0
7156099999.0,2019-06-03,67.0,54.8,4.0,0.0
7156099999.0,2019-06-04,69.0,59.4,5.8,0.04
7156099999.0,2019-06-05,56.6,52.3,5.5,0.18
7156099999.0,2019-06-06,59.7,48.3,5.8,0.69
7156099999.0,2019-06-07,59.4,49.5,11.1,0.01
7156099999.0,2019-06-08,60.0,48.2,8.9,0.06
7156099999.0,2019-06-09,61.3,49.8,4.0,0.02
7156099999.0,2019-06-10,59.8,49.9,4.7,0.01
7156099999.0,2019-06-11,56.6,48.2,3.6,0.0
7156099999.0,2019-06-12,55.4,50.6,5.5,0.11
7156099999.0,2019-06-13,58.5,52.1,6.3,0.11
7156099999.0,2019-06-14,66.2,53.9,3.8,0.22
7156099999.0,2019-06-15,64.8,51.7,6.1,0.33
7156099999.0,2019-06-16,65.0,52.9,5.6,0.0
7156099999.0,2019-06-17,69.8,55.0,3.1,0.0
7156099999.0,2019-06-18,74.4,59.2,4.7,0.0
7156099999.0,2019-06-19,72.0,59.4,6.9,0.0
7156099999.0,2019-06-20,64.1,52.8,5.1,0.19
7156099999.0,2019-06-21,64.6,47.6,5.2,0.05
7156099999.0,2019-06-22,67.9,51.3,5.5,0.0
7156099999.0,2019-06-23,75.2,59.8,5.7,0.0
7156099999.0,2019-06-24,79.5,64.7,5.5,0.0
7156099999.0,2019-06-25,81.4,65.8,4.5,0.0
7156099999.0,2019-06-26,81.4,68.4,8.2,0.0
7156099999.0,2019-06-27,79.3,64.8,8.6,0.0
7156099999.0,2019-06-28,79.9,56.3,6.1,0.0
7156099999.0,2019-06-29,84.2,58.7,3.9,0.0
7156099999.0,2019-06-30,75.1,57.8,7.0,0.0
7156099999.0,2019-07-01,68.7,53.0,6.7,0.0
7156099999.0,2019-07-02,69.2,50.6,7.1,0.0
7156099999.0,2019-07-03,69.6,49.8,8.4,0.0
7156099999.0,2019-07-04,71.5,48.6,6.6,0.0
7156099999.0,2019-07-05,76.9,49.3,4.0,0.0
7156099999.0,2019-07-06,78.3,53.4,4.8,0.0
7156099999.0,2019-07-07,71.2,55.1,5.9,0.0
7156099999.0,2019-07-08,68.0,46.3,8.1,0.0
7156099999.0,2019-07-09,68.5,44.4,7.6,0.0
7156099999.0,2019-07-10,72.3,49.1,3.3,0.0
7156099999.0,2019-07-11,75.6,55.0,3.9,0.0
7156099999.0,2019-07-12,71.5,54.6,7.0,0.0
7156099999.0,2019-07-13,70.4,54.9,6.7,0.0
7156099999.0,2019-07-14,64.8,51.8,9.1,0.0
7156099999.0,2019-07-15,66.3,50.7,7.0,0.0
7156099999.0,2019-07-16,68.8,49.5,4.3,0.0
7156099999.0,2019-07-17,73.4,48.8,4.4,0.0
7156099999.0,2019-07-18,70.4,54.2,5.9,0.0
7156099999.0,2019-07-19,73.4,57.5,4.1,0.02
7156099999.0,2019-07-20,73.3,59.5,6.1,0.0
7156099999.0,2019-07-21,72.1,55.5,4.3,0.22
7156099999.0,2019-07-22,78.2,55.2,3.0,0.0
7156099999.0,2019-07-23,85.5,54.2,4.2,0.0
7156099999.0,2019-07-24,88.7,57.3,3.5,0.0
7156099999.0,2019-07-25,93.1,57.5,4.6,0.0
7156099999.0,2019-07-26,77.7,62.4,7.6,0.0
7156099999.0,2019-07-27,66.4,58.5,8.0,0.5
7156099999.0,2019-07-28,68.0,53.0,6.3,0.03
7156099999.0,2019-07-29,73.1,50.3,4.5,0.0
7156099999.0,2019-07-30,69.8,54.0,8.5,0.0
7156099999.0,2019-07-31,67.8,50.8,5.5,0.0
7156099999.0,2019-08-01,71.9,53.0,3.8,0.0
7156099999.0,2019-08-02,72.5,52.9,5.9,0.0
7156099999.0,2019-08-03,69.9,55.9,4.8,0.0
7156099999.0,2019-08-04,75.6,54.6,3.5,0.0
7156099999.0,2019-08-05,73.9,57.4,5.7,0.0
7156099999.0,2019-08-06,68.9,61.8,4.2,0.0
7156099999.0,2019-08-07,70.5,57.3,4.6,0.76
7156099999.0,2019-08-08,74.5,58.3,3.9,0.0
7156099999.0,2019-08-09,71.8,64.3,5.5,0.0
7156099999.0,2019-08-10,70.7,53.5,10.2,1.23
7156099999.0,2019-08-11,65.2,52.8,5.1,0.0
7156099999.0,2019-08-12,62.9,53.1,5.3,0.0
7156099999.0,2019-08-13,62.2,50.5,4.7,0.23
7156099999.0,2019-08-14,67.1,53.9,6.2,0.0
7156099999.0,2019-08-15,67.7,55.7,7.2,0.0
7156099999.0,2019-08-16,67.8,54.4,5.4,0.0
7156099999.0,2019-08-17,66.0,62.2,5.6,0.01
7156099999.0,2019-08-18,67.1,59.9,5.4,0.59
7156099999.0,2019-08-19,65.8,50.5,4.8,0.06
7156099999.0,2019-08-20,66.0,49.9,4.3,0.0
7156099999.0,2019-08-21,66.3,49.4,3.6,0.0
7156099999.0,2019-08-22,68.7,50.4,4.1,0.0
7156099999.0,2019-08-23,72.0,52.5,4.4,0.0
7156099999.0,2019-08-24,75.1,55.1,3.1,0.0
7156099999.0,2019-08-25,77.9,55.8,2.6,0.0
7156099999.0,2019-08-26,79.3,55.4,2.9,0.0
7156099999.0,2019-08-27,78.5,58.7,3.6,0.0
7156099999.0,2019-08-28,75.0,61.2,5.1,0.0
7156099999.0,2019-08-29,69.3,55.1,4.7,0.0
7156099999.0,2019-08-30,69.8,49.1,3.5,0.0
7156099999.0,2019-08-31,73.4,53.3,6.2,0.0
7156099999.0,2019-09-01,65.4,49.0,6.2,0.0
7156099999.0,2019-09-02,64.1,46.2,4.4,0.0
7156099999.0,2019-09-03,65.0,49.9,3.7,0.0
7156099999.0,2019-09-04,64.2,50.6,5.9,0.0
7156099999.0,2019-09-05,59.6,46.2,6.4,0.0
7156099999.0,2019-09-06,60.2,44.4,4.3,0.0
7156099999.0,2019-09-07,60.9,49.6,7.0,0.0
7156099999.0,2019-09-08,58.0,45.4,6.3,0.0
7156099999.0,2019-09-09,58.6,44.5,3.9,0.0
7156099999.0,2019-09-10,62.8,44.3,4.5,0.0
7156099999.0,2019-09-11,65.9,50.9,4.5,0.0
7156099999.0,2019-09-12,68.5,59.8,4.2,0.0
7156099999.0,2019-09-13,66.8,58.7,4.1,0.0
7156099999.0,2019-09-14,67.5,55.4,5.1,0.0
7156099999.0,2019-09-15,69.3,51.6,3.7,0.0
7156099999.0,2019-09-16,68.0,53.3,4.8,0.0
7156099999.0,2019-09-17,65.3,53.8,7.0,0.0
7156099999.0,2019-09-18,60.0,41.9,8.8,0.0
7156099999.0,2019-09-19,58.7,42.2,8.3,0.0
7156099999.0,2019-09-20,62.4,34.8,7.3,0.0
7156099999.0,2019-09-21,68.4,48.3,5.0,0.0
7156099999.0,2019-09-22,64.1,57.7,5.9,0.0
7156099999.0,2019-09-23,63.0,53.7,6.1,0.32
7156099999.0,2019-09-24,61.0,56.6,6.4,0.0
7156099999.0,2019-09-25,60.8,55.4,7.0,0.18
7156099999.0,2019-09-26,64.9,58.4,8.1,0.06
7156099999.0,2019-09-27,61.1,54.8,6.4,0.24
7156099999.0,2019-09-28,61.0,52.0,7.4,0.05
7156099999.0,2019-09-29,60.6,54.7,9.1,0.0
7156099999.0,2019-09-30,60.3,52.3,6.2,0.16
7156099999.0,2019-10-01,63.0,57.3,6.9,0.0
7156099999.0,2019-10-02,56.2,45.7,7.8,0.2
7156099999.0,2019-10-03,49.7,39.0,3.4,0.0
7156099999.0,2019-10-04,57.6,51.0,7.9,0.04
7156099999.0,2019-10-05,59.1,54.7,3.7,0.01
7156099999.0,2019-10-06,58.8,51.5,6.5,0.17
7156099999.0,2019-10-07,57.8,48.8,5.9,0.06
7156099999.0,2019-10-08,56.8,55.1,5.3,0.17
7156099999.0,2019-10-09,54.8,49.5,7.5,0.22
7156099999.0,2019-10-10,56.5,48.1,6.3,0.17
7156099999.0,2019-10-11,58.3,52.2,6.2,0.01
7156099999.0,2019-10-12,59.7,55.4,4.7,0.0
7156099999.0,2019-10-13,65.8,57.6,6.6,0.0
7156099999.0,2019-10-14,65.1,56.0,6.8,0.01
7156099999.0,2019-10-15,57.5,51.3,5.6,0.12
7156099999.0,2019-10-16,57.1,53.8,9.4,0.06
7156099999.0,2019-10-17,57.5,54.0,5.7,0.16
7156099999.0,2019-10-18,57.0,47.9,8.3,0.14
7156099999.0,2019-10-19,55.5,51.5,4.5,0.03
7156099999.0,2019-10-20,53.0,50.8,6.0,0.17
7156099999.0,2019-10-21,53.2,49.2,5.2,0.44
7156099999.0,2019-10-22,51.1,48.3,3.5,0.0
7156099999.0,2019-10-23,55.3,52.1,4.4,0.0
7156099999.0,2019-10-24,57.1,52.8,5.9,0.02
7156099999.0,2019-10-25,55.8,53.0,5.6,0.01
7156099999.0,2019-10-26,58.4,51.8,6.5,0.01
7156099999.0,2019-10-27,51.5,47.4,6.9,0.1
7156099999.0,2019-10-28,49.8,40.9,7.3,0.3
7156099999.0,2019-10-29,49.9,41.9,6.3,0.01
7156099999.0,2019-10-30,49.2,44.2,4.9,0.02
7156099999.0,2019-10-31,51.1,48.0,4.0,0.01
7156099999.0,2019-11-01,56.5,55.2,6.4,0.11
7156099999.0,2019-11-02,56.3,50.4,9.4,0.26
7156099999.0,2019-11-03,52.9,50.1,7.1,0.09
7156099999.0,2019-11-04,52.0,46.8,8.2,0.26
7156099999.0,2019-11-05,49.7,44.5,4.2,0.0
7156099999.0,2019-11-06,50.6,46.0,4.5,0.01
7156099999.0,2019-11-07,48.0,43.1,7.9,0.27
7156099999.0,2019-11-08,44.3,39.3,4.0,0.02
7156099999.0,2019-11-09,43.7,39.4,5.1,0.0
7156099999.0,2019-11-10,43.6,42.3,3.5,0.07
7156099999.0,2019-11-11,43.1,39.9,6.7,0.02
7156099999.0,2019-11-12,41.5,38.2,5.9,0.1
7156099999.0,2019-11-13,45.1,39.9,6.0,0.25
7156099999.0,2019-11-14,43.0,38.6,5.7,0.19
7156099999.0,2019-11-15,38.2,36.9,6.0,0.15
7156099999.0,2019-11-16,41.9,39.2,5.6,0.67
7156099999.0,2019-11-17,44.1,38.4,4.7,0.0
7156099999.0,2019-11-18,44.5,40.4,5.4,0.0
7156099999.0,2019-11-19,43.9,35.7,3.1,0.06
7156099999.0,2019-11-20,38.3,32.7,5.4,0.0
7156099999.0,2019-11-21,42.3,37.9,5.6,0.0
7156099999.0,2019-11-22,48.1,41.4,7.9,0.02
7156099999.0,2019-11-23,49.2,46.2,6.1,0.13
7156099999.0,2019-11-24,48.5,45.6,3.8,0.09
7156099999.0,2019-11-25,50.4,47.2,6.2,0.0
7156099999.0,2019-11-26,52.8,50.4,6.4,0.01
7156099999.0,2019-11-27,52.4,47.8,10.2,0.48
7156099999.0,2019-11-28,52.1,45.9,8.1,0.05
7156099999.0,2019-11-29,48.5,42.9,5.0,0.01
7156099999.0,2019-11-30,43.6,35.3,7.0,0.02
7156099999.0,2019-12-01,39.1,34.6,8.1,0.09
7156099999.0,2019-12-02,39.3,33.7,6.3,0.02
7156099999.0,2019-12-03,39.4,37.1,4.0,0.01
7156099999.0,2019-12-04,37.0,32.8,3.3,0.11
7156099999.0,2019-12-05,32.9,32.1,3.3,0.0
7156099999.0,2019-12-06,39.3,37.9,6.2,0.0
7156099999.0,2019-12-07,50.4,46.4,5.5,0.1
7156099999.0,2019-12-08,50.8,45.7,9.5,0.0
7156099999.0,2019-12-09,46.6,37.8,10.3,0.48
7156099999.0,2019-12-10,40.8,35.3,6.4,0.24
7156099999.0,2019-12-11,44.7,41.3,6.1,0.09
7156099999.0,2019-12-12,40.9,38.6,8.3,0.04
7156099999.0,2019-12-13,45.8,38.9,10.3,0.56
7156099999.0,2019-12-14,49.5,41.0,10.0,0.09
7156099999.0,2019-12-15,49.3,43.7,7.7,0.09
7156099999.0,2019-12-16,49.0,47.3,4.6,0.18
7156099999.0,2019-12-17,52.5,46.3,5.8,0.18
7156099999.0,2019-12-18,47.3,44.1,4.9,0.0
7156099999.0,2019-12-19,54.1,46.8,6.3,0.0
7156099999.0,2019-12-20,51.5,45.8,9.1,0.5
7156099999.0,2019-12-21,47.8,43.3,8.5,0.08
7156099999.0,2019-12-22,49.0,42.7,9.4,0.24
7156099999.0,2019-12-23,49.1,41.1,8.5,0.02
7156099999.0,2019-12-24,51.6,45.2,8.7,0.14
7156099999.0,2019-12-25,47.9,38.6,5.9,0.0
7156099999.0,2019-12-26,45.3,40.3,6.3,0.0
7156099999.0,2019-12-27,49.7,44.5,6.7,0.34
7156099999.0,2019-12-28,45.2,38.5,4.6,0.0
7156099999.0,2019-12-29,37.5,31.6,3.8,0.0
7156099999.0,2019-12-30,37.4,31.9,2.9,0.0
7156099999.0,2019-12-31,35.3,32.5,3.5,0.0
7156099999.0,2020-01-01,36.4,35.9,4.2,0.0
7156099999.0,2020-01-02,45.2,44.1,4.5,0.05
7156099999.0,2020-01-03,49.7,45.6,8.4,0.02
7156099999.0,2020-01-04,45.1,38.3,5.2,0.01
7156099999.0,2020-01-05,46.1,38.6,2.8,0.0
7156099999.0,2020-01-06,40.5,36.0,5.4,0.0
7156099999.0,2020-01-07,46.6,45.1,5.0,0.0
7156099999.0,2020-01-08,53.3,51.2,6.0,0.0
7156099999.0,2020-01-09,52.8,49.7,9.3,0.02
7156099999.0,2020-01-10,47.3,42.0,6.6,0.17
7156099999.0,2020-01-11,41.7,35.5,4.7,0.0
7156099999.0,2020-01-12,44.6,40.6,6.5,0.0
7156099999.0,2020-01-13,47.2,44.3,7.8,0.0
7156099999.0,2020-01-14,51.3,41.7,13.6,0.01
7156099999.0,2020-01-15,50.3,43.0,8.1,0.0
7156099999.0,2020-01-16,48.5,42.8,6.5,0.05
7156099999.0,2020-01-17,48.3,40.8,8.1,0.06
7156099999.0,2020-01-18,41.9,36.2,5.1,0.03
7156099999.0,2020-01-19,41.1,34.3,7.6,0.0
7156099999.0,2020-01-20,38.4,33.6,6.9,0.0
7156099999.0,2020-01-21,36.3,30.8,4.8,0.0
7156099999.0,2020-01-22,33.8,29.0,5.2,0.0
7156099999.0,2020-01-23,34.4,30.7,6.2,0.0
7156099999.0,2020-01-24,34.0,30.6,3.6,0.0
7156099999.0,2020-01-25,37.3,35.2,2.3,0.0
7156099999.0,2020-01-26,42.9,40.7,4.9,0.0
7156099999.0,2020-01-27,47.8,45.0,10.1,0.15
7156099999.0,2020-01-28,44.4,36.0,11.7,0.24
7156099999.0,2020-01-29,45.0,37.6,7.4,0.06
7156099999.0,2020-01-30,47.8,45.5,6.9,0.0
7156099999.0,2020-01-31,54.4,50.4,7.4,0.11
7156099999.0,2020-02-01,54.8,50.4,9.1,0.15
7156099999.0,2020-02-02,55.9,53.1,7.5,0.41
7156099999.0,2020-02-03,53.7,49.4,7.7,0.46
7156099999.0,2020-02-04,45.5,36.9,10.1,0.33
7156099999.0,2020-02-05,45.8,36.5,5.3,0.02
7156099999.0,2020-02-06,42.7,32.4,4.4,0.0
7156099999.0,2020-02-07,44.1,33.4,5.4,0.0
7156099999.0,2020-02-08,48.5,43.3,5.4,0.0
7156099999.0,2020-02-09,50.7,45.9,14.6,0.09
7156099999.0,2020-02-10,51.1,40.3,14.8,0.08
7156099999.0,2020-02-11,43.6,35.5,10.4,0.37
7156099999.0,2020-02-12,43.8,35.1,6.9,0.0
7156099999.0,2020-02-13,47.9,39.5,10.4,0.08
7156099999.0,2020-02-14,49.8,41.9,6.2,0.0
7156099999.0,2020-02-15,50.4,43.3,8.2,0.0
7156099999.0,2020-02-16,57.1,47.3,15.0,0.02
7156099999.0,2020-02-17,48.6,40.8,9.1,0.0
7156099999.0,2020-02-18,45.9,37.3,8.1,0.0
7156099999.0,2020-02-19,45.7,40.2,7.2,0.2
7156099999.0,2020-02-20,47.7,42.2,9.0,0.0
7156099999.0,2020-02-21,44.1,35.3,5.9,0.03
7156099999.0,2020-02-22,49.1,41.4,8.0,0.0
7156099999.0,2020-02-23,53.1,48.8,9.4,0.0
7156099999.0,2020-02-24,52.9,47.7,9.5,0.02
7156099999.0,2020-02-25,46.9,40.5,8.9,0.16
7156099999.0,2020-02-26,40.5,33.6,9.4,0.08
7156099999.0,2020-02-27,42.4,36.3,10.3,0.25
7156099999.0,2020-02-28,43.1,38.0,7.6,0.32
7156099999.0,2020-02-29,48.4,40.9,11.5,0.0
7156099999.0,2020-03-01,43.0,38.8,8.6,0.2
7156099999.0,2020-03-02,44.4,39.9,7.7,0.83
7156099999.0,2020-03-03,42.2,34.8,5.6,0.19
7156099999.0,2020-03-04,43.0,39.2,5.6,0.0
7156099999.0,2020-03-05,48.4,46.1,7.9,0.2
7156099999.0,2020-03-06,45.6,35.9,7.7,0.6
7156099999.0,2020-03-07,46.6,37.6,4.8,0.0
7156099999.0,2020-03-08,48.1,43.8,8.6,0.0
7156099999.0,2020-03-09,47.2,38.7,7.7,0.15
7156099999.0,2020-03-10,53.8,50.0,9.4,0.13
7156099999.0,2020-03-11,57.9,49.8,9.3,0.0
7156099999.0,2020-03-12,51.8,39.9,9.0,0.06
7156099999.0,2020-03-13,47.3,34.0,6.3,0.0
7156099999.0,2020-03-14,48.9,42.6,5.1,0.04
7156099999.0,2020-03-15,52.8,43.0,5.8,0.0
7156099999.0,2020-03-16,50.3,43.7,4.6,0.0
7156099999.0,2020-03-17,53.3,43.6,2.4,0.0
7156099999.0,2020-03-18,57.0,46.7,2.4,0.0
7156099999.0,2020-03-19,58.4,46.3,2.9,0.0
7156099999.0,2020-03-20,54.5,46.6,7.9,0.0
7156099999.0,2020-03-21,46.0,38.8,9.4,0.0
7156099999.0,2020-03-22,46.7,30.8,10.0,0.0
7156099999.0,2020-03-23,44.5,22.1,8.1,0.0
7156099999.0,2020-03-24,45.8,17.8,6.7,0.0
7156099999.0,2020-03-25,45.5,20.4,7.0,0.0
7156099999.0,2020-03-26,45.2,19.6,8.6,0.0
7156099999.0,2020-03-27,48.0,29.7,6.5,0.0
7156099999.0,2020-03-28,51.0,38.0,8.4,0.0
7156099999.0,2020-03-29,43.6,25.5,13.8,0.0
7156099999.0,2020-03-30,41.5,19.8,11.3,0.0
7156099999.0,2020-03-31,45.6,31.7,8.5,0.0
7156099999.0,2020-04-01,46.5,24.7,6.1,0.0
7156099999.0,2020-04-02,45.2,31.3,5.9,0.0
7156099999.0,2020-04-03,51.5,40.3,4.2,0.0
7156099999.0,2020-04-04,54.2,36.5,5.4,0.0
7156099999.0,2020-04-05,59.1,34.7,5.6,0.0
7156099999.0,2020-04-06,54.8,42.3,5.9,0.0
7156099999.0,2020-04-07,62.5,47.1,4.4,0.1
7156099999.0,2020-04-08,64.2,42.6,2.7,0.0
7156099999.0,2020-04-09,65.9,41.6,3.0,0.0
7156099999.0,2020-04-10,66.4,42.6,3.7,0.0
7156099999.0,2020-04-11,66.5,43.1,2.9,0.0
7156099999.0,2020-04-12,65.2,43.6,4.2,0.0
7156099999.0,2020-04-13,56.3,41.2,10.2,0.05
7156099999.0,2020-04-14,48.2,29.1,9.1,0.0
7156099999.0,2020-04-15,55.3,30.3,5.5,0.0
7156099999.0,2020-04-16,62.7,45.5,3.9,0.0
7156099999.0,2020-04-17,66.1,49.9,4.0,0.0
7156099999.0,2020-04-18,64.8,50.9,4.8,0.0
7156099999.0,2020-04-19,60.6,49.9,7.9,0.02
7156099999.0,2020-04-20,61.3,44.3,7.6,0.0
7156099999.0,2020-04-21,61.0,38.6,6.5,0.0
7156099999.0,2020-04-22,63.8,39.3,5.3,0.0
7156099999.0,2020-04-23,66.7,40.2,2.9,0.0
7156099999.0,2020-04-24,65.9,45.6,4.1,0.0
7156099999.0,2020-04-25,61.7,40.6,6.1,0.0
7156099999.0,2020-04-26,59.1,36.2,4.1,0.0
7156099999.0,2020-04-27,61.6,48.1,3.9,0.0
7156099999.0,2020-04-28,58.7,50.4,7.0,0.13
7156099999.0,2020-04-29,54.2,49.0,7.2,0.14
7156099999.0,2020-04-30,52.0,46.2,7.8,0.37
7156099999.0,2020-05-01,54.6,44.2,7.3,0.35
7156099999.0,2020-05-02,55.1,39.7,5.2,0.02
7156099999.0,2020-05-03,58.7,49.5,4.1,0.0
7156099999.0,2020-05-04,60.3,51.3,5.2,0.0
7156099999.0,2020-05-05,55.8,45.3,6.0,0.0
7156099999.0,2020-05-06,62.1,39.4,5.0,0.07
7156099999.0,2020-05-07,62.6,37.9,3.2,0.0
7156099999.0,2020-05-08,65.7,45.3,3.7,0.0
7156099999.0,2020-05-09,66.0,58.2,3.6,0.0
7156099999.0,2020-05-10,62.7,58.8,5.0,1.4
7156099999.0,2020-05-11,50.2,36.6,14.0,0.6
7156099999.0,2020-05-12,50.6,33.0,7.6,0.0
7156099999.0,2020-05-13,52.9,35.4,9.7,0.0
7156099999.0,2020-05-14,51.9,34.0,10.4,0.0
7156099999.0,2020-05-15,54.9,35.4,8.3,0.0
7156099999.0,2020-05-16,58.1,39.2,6.0,0.0
7156099999.0,2020-05-17,60.2,41.1,4.4,0.0
7156099999.0,2020-05-18,63.4,44.0,4.7,0.0
7156099999.0,2020-05-19,65.3,45.4,5.4,0.0
7156099999.0,2020-05-20,70.7,53.0,4.5,0.0
7156099999.0,2020-05-21,74.5,55.8,3.0,0.0
7156099999.0,2020-05-22,69.2,56.4,5.7,0.0
7156099999.0,2020-05-23,61.5,45.0,6.8,0.14
7156099999.0,2020-05-24,60.1,46.4,5.9,0.02
7156099999.0,2020-05-25,65.4,48.8,4.9,0.0
7156099999.0,2020-05-26,69.2,47.8,6.4,0.0
7156099999.0,2020-05-27,69.9,48.2,6.8,0.0
7156099999.0,2020-05-28,66.9,44.7,7.7,0.0
7156099999.0,2020-05-29,68.1,39.2,6.8,0.0
7156099999.0,2020-05-30,69.1,42.8,5.8,0.0
7156099999.0,2020-05-31,67.9,41.7,6.8,0.0
7156099999.0,2020-06-01,71.0,46.3,5.0,0.0
7156099999.0,2020-06-02,75.3,49.5,4.6,0.0
7156099999.0,2020-06-03,70.2,52.2,5.9,0.0
7156099999.0,2020-06-04,56.9,51.2,6.3,1.13
7156099999.0,2020-06-05,56.6,47.8,8.0,0.13
7156099999.0,2020-06-06,58.1,42.2,7.7,0.06
7156099999.0,2020-06-07,58.4,45.6,4.2,0.0
7156099999.0,2020-06-08,58.6,48.1,7.2,0.0
7156099999.0,2020-06-09,58.5,45.9,6.7,0.0
7156099999.0,2020-06-10,59.7,45.7,3.7,0.0
7156099999.0,2020-06-11,63.3,51.7,4.4,0.02
7156099999.0,2020-06-12,62.0,55.6,6.6,0.32
7156099999.0,2020-06-13,65.4,52.6,5.9,0.05
7156099999.0,2020-06-14,64.0,53.6,5.1,0.0
7156099999.0,2020-06-15,64.2,55.1,5.7,0.0
7156099999.0,2020-06-16,64.8,55.0,4.9,0.0
7156099999.0,2020-06-17,63.8,53.3,3.6,0.0
7156099999.0,2020-06-18,63.8,52.8,6.1,0.0
7156099999.0,2020-06-19,63.3,52.9,4.8,0.02
7156099999.0,2020-06-20,68.2,51.9,3.6,0.0
7156099999.0,2020-06-21,64.4,55.8,5.8,0.0
7156099999.0,2020-06-22,66.1,50.7,3.8,0.06
7156099999.0,2020-06-23,74.5,51.7,4.7,0.0
7156099999.0,2020-06-24,79.9,53.5,5.6,0.0
7156099999.0,2020-06-25,82.2,56.8,4.5,0.0
7156099999.0,2020-06-26,78.1,61.7,6.3,0.0
7156099999.0,2020-06-27,69.3,59.1,8.5,0.02
7156099999.0,2020-06-28,66.9,51.1,7.9,0.04
7156099999.0,2020-06-29,65.4,46.4,6.7,0.0
7156099999.0,2020-06-30,67.2,54.0,7.5,0.0
7156099999.0,2020-07-01,69.0,60.3,7.0,0.0
7156099999.0,2020-07-02,65.3,51.8,6.3,0.08
7156099999.0,2020-07-03,65.1,49.7,5.2,0.0
7156099999.0,2020-07-04,67.2,55.8,8.0,0.01
7156099999.0,2020-07-05,69.3,60.6,7.9,0.0
7156099999.0,2020-07-06,62.7,45.7,6.8,0.0
7156099999.0,2020-07-07,66.3,46.7,4.3,0.0
7156099999.0,2020-07-08,70.9,54.8,5.2,0.0
7156099999.0,2020-07-09,75.9,56.6,5.8,0.0
7156099999.0,2020-07-10,66.9,51.8,7.1,0.0
7156099999.0,2020-07-11,65.6,45.1,6.0,0.0
7156099999.0,2020-07-12,67.7,46.7,6.5,0.0
7156099999.0,2020-07-13,70.3,45.8,6.3,0.0
7156099999.0,2020-07-14,67.2,50.9,5.1,0.0
7156099999.0,2020-07-15,66.3,53.5,5.2,0.0
7156099999.0,2020-07-16,65.0,55.4,5.6,0.0
7156099999.0,2020-07-17,70.1,54.8,3.4,0.0
7156099999.0,2020-07-18,72.3,54.7,4.5,0.0
7156099999.0,2020-07-19,74.2,52.2,4.4,0.0
7156099999.0,2020-07-20,69.7,52.5,8.6,0.0
7156099999.0,2020-07-21,68.8,44.3,7.7,0.0
7156099999.0,2020-07-22,68.4,44.9,5.9,0.0
7156099999.0,2020-07-23,72.0,45.4,3.8,0.0
7156099999.0,2020-07-24,70.1,53.4,4.6,0.0
7156099999.0,2020-07-25,71.2,56.6,6.3,0.0
7156099999.0,2020-07-26,69.4,54.4,5.8,0.25
7156099999.0,2020-07-27,75.4,51.9,8.2,0.0
7156099999.0,2020-07-28,69.3,51.4,7.0,0.0
7156099999.0,2020-07-29,69.1,48.2,3.9,0.0
7156099999.0,2020-07-30,76.4,48.1,4.0,0.0
7156099999.0,2020-07-31,83.8,55.4,4.4,0.0
7156099999.0,2020-08-01,74.6,60.6,5.9,0.0
7156099999.0,2020-08-02,68.6,50.8,7.0,0.0
7156099999.0,2020-08-03,65.3,49.7,6.7,0.0
7156099999.0,2020-08-04,68.2,47.5,3.7,0.0
7156099999.0,2020-08-05,74.5,44.8,4.4,0.0
7156099999.0,2020-08-06,80.2,48.8,3.1,0.0
7156099999.0,2020-08-07,84.7,53.1,3.6,0.0
7156099999.0,2020-08-08,86.6,56.1,3.0,0.0
7156099999.0,2020-08-09,87.8,58.6,4.7,0.0
7156099999.0,2020-08-10,83.6,59.9,3.4,0.0
7156099999.0,2020-08-11,81.8,62.8,3.7,0.0
7156099999.0,2020-08-12,81.3,64.1,4.0,0.08
7156099999.0,2020-08-13,73.5,65.2,5.9,0.58
7156099999.0,2020-08-14,71.0,64.0,4.4,0.24
7156099999.0,2020-08-15,73.1,61.9,3.2,0.0
7156099999.0,2020-08-16,71.1,62.0,4.0,0.0
7156099999.0,2020-08-17,68.0,59.3,4.6,0.3
7156099999.0,2020-08-18,70.6,56.5,4.2,0.2
7156099999.0,2020-08-19,70.9,62.7,5.5,0.0
7156099999.0,2020-08-20,78.2,63.7,4.8,0.02
7156099999.0,2020-08-21,75.8,58.0,7.4,0.09
7156099999.0,2020-08-22,70.3,54.6,8.3,0.0
7156099999.0,2020-08-23,66.1,52.2,5.8,0.0
7156099999.0,2020-08-24,65.0,51.7,4.4,0.0
7156099999.0,2020-08-25,72.2,55.7,9.4,0.02
7156099999.0,2020-08-26,67.5,52.1,7.8,0.0
7156099999.0,2020-08-27,68.0,54.3,5.5,0.0
7156099999.0,2020-08-28,63.2,54.0,6.5,0.02
7156099999.0,2020-08-29,59.2,52.5,6.5,0.05
7156099999.0,2020-08-30,61.5,54.7,7.4,0.07
7156099999.0,2020-08-31,61.6,48.2,5.0,0.02
7156099999.0,2020-09-01,61.6,47.5,4.8,0.0
7156099999.0,2020-09-02,62.9,45.9,3.7,0.0
7156099999.0,2020-09-03,71.3,52.3,5.3,0.0
7156099999.0,2020-09-04,73.6,55.5,4.7,0.0
7156099999.0,2020-09-05,63.5,50.0,6.9,0.01
7156099999.0,2020-09-06,60.3,47.9,3.8,0.0
7156099999.0,2020-09-07,63.6,48.4,3.6,0.01
7156099999.0,2020-09-08,68.7,55.7,3.5,0.0
7156099999.0,2020-09-09,72.4,57.3,5.0,0.0
7156099999.0,2020-09-10,69.8,59.2,4.2,0.0
7156099999.0,2020-09-11,69.6,55.2,4.1,0.0
7156099999.0,2020-09-12,64.4,51.8,4.5,0.0
7156099999.0,2020-09-13,68.7,50.3,2.7,0.0
7156099999.0,2020-09-14,75.0,52.9,2.8,0.0
7156099999.0,2020-09-15,78.1,54.8,3.7,0.0
7156099999.0,2020-09-16,75.7,59.2,5.2,0.0
7156099999.0,2020-09-17,69.3,51.1,8.8,0.0
7156099999.0,2020-09-18,69.8,51.9,5.9,0.0
7156099999.0,2020-09-19,73.8,60.3,5.1,0.0
7156099999.0,2020-09-20,72.1,58.9,3.2,0.09
7156099999.0,2020-09-21,68.3,46.0,5.4,0.0
7156099999.0,2020-09-22,67.1,49.1,3.6,0.0
7156099999.0,2020-09-23,64.3,58.0,6.1,0.0
7156099999.0,2020-09-24,56.0,50.8,7.7,0.37
7156099999.0,2020-09-25,52.3,43.4,8.3,0.3
7156099999.0,2020-09-26,52.6,41.6,9.4,0.25
7156099999.0,2020-09-27,54.2,51.2,10.9,0.23
7156099999.0,2020-09-28,56.2,51.4,6.3,0.52
7156099999.0,2020-09-29,60.4,57.7,3.1,0.15
7156099999.0,2020-09-30,61.6,55.4,5.0,0.02
7156099999.0,2020-10-01,57.0,50.7,6.5,0.13
7156099999.0,2020-10-02,54.6,53.0,5.3,0.57
7156099999.0,2020-10-03,53.2,49.0,5.0,0.72
7156099999.0,2020-10-04,52.9,47.6,8.3,0.04
7156099999.0,2020-10-05,54.1,51.2,8.6,0.27
7156099999.0,2020-10-06,56.2,49.9,9.3,0.31
7156099999.0,2020-10-07,57.7,50.0,6.8,0.04
7156099999.0,2020-10-08,61.6,54.5,7.9,0.0
7156099999.0,2020-10-09,58.6,51.4,5.3,0.11
7156099999.0,2020-10-10,53.4,43.4,5.7,0.06
7156099999.0,2020-10-11,52.1,45.3,6.1,0.06
7156099999.0,2020-10-12,51.5,44.6,4.2,0.0
7156099999.0,2020-10-13,51.2,46.4,5.3,0.09
7156099999.0,2020-10-14,50.7,44.4,7.4,0.06
7156099999.0,2020-10-15,50.2,41.7,8.1,0.02
7156099999.0,2020-10-16,51.2,42.2,6.5,0.0
7156099999.0,2020-10-17,50.9,43.7,3.7,0.0
7156099999.0,2020-10-18,50.4,42.7,2.9,0.0
7156099999.0,2020-10-19,50.0,40.8,5.3,0.0
7156099999.0,2020-10-20,55.2,50.6,7.2,0.02
7156099999.0,2020-10-21,61.7,53.4,8.4,0.44
7156099999.0,2020-10-22,61.5,55.6,5.3,0.01
7156099999.0,2020-10-23,59.9,52.8,5.1,0.0
7156099999.0,2020-10-24,57.3,52.0,9.0,0.0
7156099999.0,2020-10-25,53.1,49.0,7.0,0.06
7156099999.0,2020-10-26,50.5,43.3,6.6,0.5
7156099999.0,2020-10-27,50.6,47.2,7.8,0.01
7156099999.0,2020-10-28,54.2,48.2,7.8,0.15
7156099999.0,2020-10-29,55.3,49.4,6.8,0.12
7156099999.0,2020-10-30,58.0,52.0,5.7,0.0
7156099999.0,2020-10-31,57.6,51.1,6.0,0.0
7156099999.0,2020-11-01,61.2,56.9,8.5,0.05
7156099999.0,2020-11-02,61.3,54.0,9.1,0.03
7156099999.0,2020-11-03,48.3,39.7,5.8,0.05
7156099999.0,2020-11-04,45.2,37.6,4.4,0.01
7156099999.0,2020-11-05,46.1,37.0,6.2,0.0
7156099999.0,2020-11-06,46.4,39.1,5.4,0.01
7156099999.0,2020-11-07,52.5,47.0,3.2,0.0
7156099999.0,2020-11-08,56.7,50.8,3.8,0.0
7156099999.0,2020-11-12,52.0,43.5,4.7,0.0
7156099999.0,2020-11-13,54.7,49.1,5.9,0.0
7156099999.0,2020-11-14,56.8,48.3,7.1,0.02
7156099999.0,2020-11-15,55.9,47.9,10.4,0.0
7156099999.0,2020-11-16,52.4,44.9,7.4,0.17
7156099999.0,2020-11-17,52.9,46.1,4.9,0.0
7156099999.0,2020-11-18,52.2,44.9,5.5,0.0
7156099999.0,2020-11-19,50.3,42.4,8.1,0.04
7156099999.0,2020-11-20,44.9,37.8,3.7,0.08
7156099999.0,2020-11-21,44.6,37.4,4.3,0.0
7156099999.0,2020-11-22,45.9,39.1,3.0,0.0
7156099999.0,2020-11-23,49.7,45.4,3.0,0.01
7156099999.0,2020-11-24,44.7,39.4,4.2,0.05
7156099999.0,2020-11-25,46.4,40.1,4.3,0.0
7156099999.0,2020-11-26,45.5,40.5,1.9,0.01
7156099999.0,2020-11-27,47.5,42.0,2.7,0.0
7156099999.0,2020-11-28,45.0,39.1,3.7,0.01
7156099999.0,2020-11-29,38.8,33.1,5.3,0.01
7156099999.0,2020-11-30,38.4,31.6,3.5,0.0
7156099999.0,2020-12-01,46.0,38.7,8.6,0.04
7156099999.0,2020-12-02,45.7,38.8,6.6,0.0
7156099999.0,2020-12-03,43.9,40.8,8.5,0.01
7156099999.0,2020-12-04,42.3,35.3,8.9,0.42
7156099999.0,2020-12-05,40.8,34.6,8.2,0.06
7156099999.0,2020-12-06,41.0,35.0,3.9,0.05
7156099999.0,2020-12-07,38.9,35.2,3.9,0.0
7156099999.0,2020-12-08,38.7,33.4,4.8,0.0
7156099999.0,2020-12-09,35.6,33.0,4.9,0.0
7156099999.0,2020-12-10,41.6,36.0,6.5,0.0
7156099999.0,2020-12-11,48.1,45.2,5.7,0.24
7156099999.0,2020-12-12,47.9,42.9,5.6,0.29
7156099999.0,2020-12-13,43.1,39.7,7.0,0.09
7156099999.0,2020-12-14,50.7,46.9,6.1,0.03
7156099999.0,2020-12-15,49.9,46.1,5.0,0.28
7156099999.0,2020-12-16,46.2,43.4,6.1,0.06
7156099999.0,2020-12-17,48.6,45.4,6.1,0.11
7156099999.0,2020-12-18,46.5,42.4,5.9,0.02
7156099999.0,2020-12-19,48.4,44.6,6.5,0.01
7156099999.0,2020-12-20,49.0,43.9,5.7,0.07
7156099999.0,2020-12-21,50.6,48.0,8.1,0.24
7156099999.0,2020-12-22,57.9,53.9,8.5,0.41
7156099999.0,2020-12-23,53.9,48.7,8.3,0.67
7156099999.0,2020-12-24,44.4,39.0,10.0,0.35
7156099999.0,2020-12-25,40.2,33.5,8.4,0.09
7156099999.0,2020-12-26,39.0,32.7,6.6,0.0
7156099999.0,2020-12-27,42.2,38.5,12.4,0.43
7156099999.0,2020-12-28,38.9,35.3,7.7,0.48
7156099999.0,2020-12-29,39.2,36.1,5.4,0.12
7156099999.0,2020-12-30,40.6,35.8,6.1,0.01
7156099999.0,2020-12-31,40.2,35.3,6.4,0.12
7156099999.0,2021-01-01,36.0,29.3,4.0,0.03
7156099999.0,2021-01-02,36.0,31.0,2.9,0.0
7156099999.0,2021-01-03,38.1,32.6,4.8,0.0
7156099999.0,2021-01-04,37.6,31.9,6.8,0.0
7156099999.0,2021-01-05,37.5,32.1,6.9,0.01
7156099999.0,2021-01-06,38.4,33.2,5.6,0.0
7156099999.0,2021-01-07,37.9,32.4,4.7,0.0
7156099999.0,2021-01-08,37.2,27.7,3.3,0.01
7156099999.0,2021-01-09,34.5,28.1,6.7,0.0
7156099999.0,2021-01-10,34.6,28.8,5.3,0.0
7156099999.0,2021-01-11,37.8,32.2,5.3,0.0
7156099999.0,2021-01-12,44.9,40.9,7.5,0.02
7156099999.0,2021-01-13,46.8,43.5,6.1,0.2
7156099999.0,2021-01-14,48.6,43.8,9.1,0.09
7156099999.0,2021-01-15,35.9,27.0,9.4,0.09
7156099999.0,2021-01-16,33.6,27.7,5.1,0.0
7156099999.0,2021-01-17,42.7,36.5,5.6,0.45
7156099999.0,2021-01-18,41.1,34.7,5.0,0.02
7156099999.0,2021-01-19,42.6,36.5,8.1,0.0
7156099999.0,2021-01-20,49.4,35.2,9.8,0.11
7156099999.0,2021-01-21,47.9,42.0,12.4,0.27
7156099999.0,2021-01-22,42.9,36.9,4.9,0.52
7156099999.0,2021-01-23,39.0,35.0,7.4,0.01
7156099999.0,2021-01-24,34.7,30.4,5.6,0.18
7156099999.0,2021-01-25,38.0,29.3,7.8,0.09
7156099999.0,2021-01-26,37.2,27.7,5.9,0.0
7156099999.0,2021-01-27,41.8,39.3,5.1,0.13
7156099999.0,2021-01-28,53.3,49.4,7.8,0.32
7156099999.0,2021-01-29,51.0,42.9,10.0,0.17
7156099999.0,2021-01-30,50.3,45.9,6.1,0.33
7156099999.0,2021-01-31,47.3,45.2,4.0,0.26
7156099999.0,2021-02-01,48.2,42.3,6.2,0.27
7156099999.0,2021-02-02,53.0,46.9,8.0,0.1
7156099999.0,2021-02-03,51.3,45.1,9.2,0.1
7156099999.0,2021-02-04,47.2,42.1,4.5,0.27
7156099999.0,2021-02-05,49.1,43.8,4.1,0.0
7156099999.0,2021-02-06,46.9,44.3,5.3,0.09
7156099999.0,2021-02-07,37.6,32.6,6.6,0.83
7156099999.0,2021-02-08,31.2,24.3,5.1,0.05
7156099999.0,2021-02-09,28.8,22.9,6.8,0.0
7156099999.0,2021-02-10,25.8,19.2,9.7,0.07
7156099999.0,2021-02-13,29.9,10.2,8.0,0.0
7156099999.0,2021-02-14,30.2,15.5,8.2,0.0
7156099999.0,2021-02-15,42.7,34.0,6.7,0.01
7156099999.0,2021-02-16,47.9,40.4,7.2,0.02
7156099999.0,2021-02-17,49.6,42.8,7.1,0.0
7156099999.0,2021-02-18,47.0,40.9,6.4,0.0
7156099999.0,2021-02-19,43.6,41.5,6.7,0.3
7156099999.0,2021-02-21,58.5,40.6,5.7,0.0
7156099999.0,2021-02-22,55.1,41.5,3.8,0.0
7156099999.0,2021-02-23,57.5,47.3,6.2,0.0
7156099999.0,2021-02-24,57.1,45.6,5.6,0.0
7156099999.0,2021-02-25,55.3,44.0,5.3,0.01
7156099999.0,2021-02-26,49.1,37.5,7.9,0.04
7156099999.0,2021-02-27,44.8,33.0,7.7,0.02
7156099999.0,2021-02-28,44.9,32.9,7.6,0.0
7156099999.0,2021-03-01,47.3,32.0,4.7,0.0
7156099999.0,2021-03-02,51.0,36.0,3.0,0.0
7156099999.0,2021-03-03,55.1,40.6,3.7,0.0
7156099999.0,2021-03-04,49.9,43.0,5.9,0.01
7156099999.0,2021-03-05,41.4,27.5,9.2,0.04
7156099999.0,2021-03-06,40.8,22.0,8.1,0.0
7156099999.0,2021-03-07,40.3,23.9,5.9,0.0
7156099999.0,2021-03-08,39.8,25.6,6.2,0.0
7156099999.0,2021-03-09,45.3,30.9,4.6,0.0
7156099999.0,2021-03-10,44.9,33.6,8.4,0.0
7156099999.0,2021-03-11,51.2,42.4,12.4,0.05
7156099999.0,2021-03-12,46.3,38.2,8.6,0.16
7156099999.0,2021-03-13,46.6,37.7,11.2,0.21
7156099999.0,2021-03-14,45.7,35.2,8.5,0.31
7156099999.0,2021-03-15,48.0,40.0,9.9,0.09
7156099999.0,2021-03-16,46.3,41.6,5.9,0.11
7156099999.0,2021-03-17,45.5,37.6,11.7,0.09
7156099999.0,2021-03-18,43.6,36.8,7.6,0.12
7156099999.0,2021-03-19,43.2,30.6,10.7,0.12
7156099999.0,2021-03-20,42.9,31.9,7.4,0.0
7156099999.0,2021-03-21,45.8,36.4,7.9,0.0
7156099999.0,2021-03-22,43.8,31.7,6.7,0.0
7156099999.0,2021-03-23,47.2,32.7,3.0,0.0
7156099999.0,2021-03-24,52.5,36.3,4.9,0.0
7156099999.0,2021-03-25,50.6,40.8,4.2,0.06
7156099999.0,2021-03-26,49.0,37.6,7.6,0.02
7156099999.0,2021-03-27,47.7,35.1,7.8,0.08
7156099999.0,2021-03-28,52.7,36.0,5.8,0.0
7156099999.0,2021-03-29,58.5,35.7,3.8,0.0
7156099999.0,2021-03-30,62.9,39.0,3.4,0.0
7156099999.0,2021-03-31,64.3,41.1,2.7,0.0
7156099999.0,2021-04-01,64.7,45.8,5.1,0.0
7156099999.0,2021-04-02,50.0,36.4,11.7,0.0
7156099999.0,2021-04-03,47.1,32.4,11.0,0.0
7156099999.0,2021-04-04,46.9,34.2,6.0,0.0
7156099999.0,2021-04-05,41.8,33.4,7.1,0.0
7156099999.0,2021-04-06,38.8,22.0,6.8,0.02
7156099999.0,2021-04-07,41.3,25.2,5.8,0.02
7156099999.0,2021-04-08,47.3,29.6,3.2,0.0
7156099999.0,2021-04-09,50.4,36.3,4.9,0.0
7156099999.0,2021-04-10,50.9,47.1,6.2,0.57
7156099999.0,2021-04-11,43.4,34.6,8.6,0.54
7156099999.0,2021-04-12,44.2,30.9,5.3,0.02
7156099999.0,2021-04-13,44.6,28.1,6.4,0.02
7156099999.0,2021-04-14,45.8,26.2,7.5,0.0
7156099999.0,2021-04-15,44.5,29.4,7.4,0.0
7156099999.0,2021-04-16,45.5,28.5,7.8,0.0
7156099999.0,2021-04-17,49.1,32.9,8.6,0.0
7156099999.0,2021-04-18,49.0,35.0,5.6,0.0
7156099999.0,2021-04-19,50.3,36.1,3.8,0.0
7156099999.0,2021-04-20,56.6,36.7,3.4,0.0
7156099999.0,2021-04-21,57.0,40.6,5.9,0.01
7156099999.0,2021-04-22,54.1,34.8,8.1,0.0
7156099999.0,2021-04-23,56.9,31.0,6.8,0.0
7156099999.0,2021-04-24,57.4,33.3,6.9,0.0
7156099999.0,2021-04-25,54.4,33.5,9.9,0.0
7156099999.0,2021-04-26,54.8,30.9,8.8,0.0
7156099999.0,2021-04-27,56.2,29.1,5.2,0.0
7156099999.0,2021-04-28,57.0,36.6,4.7,0.0
7156099999.0,2021-04-29,50.9,36.8,5.9,0.03
7156099999.0,2021-04-30,51.5,33.0,5.0,0.0
7156099999.0,2021-05-01,49.5,37.0,4.6,0.0
7156099999.0,2021-05-02,48.7,37.2,3.7,0.03
7156099999.0,2021-05-03,53.9,35.3,6.8,0.01
7156099999.0,2021-05-04,53.6,40.1,9.5,0.01
7156099999.0,2021-05-05,48.3,35.3,7.2,0.0
7156099999.0,2021-05-06,47.6,41.5,4.5,0.03
7156099999.0,2021-05-07,51.3,34.6,4.3,0.3
7156099999.0,2021-05-08,59.9,46.2,7.0,0.0
7156099999.0,2021-05-09,66.8,53.1,7.3,0.01
7156099999.0,2021-05-10,59.5,48.8,7.4,0.21
7156099999.0,2021-05-11,55.5,45.8,5.1,0.0
7156099999.0,2021-05-12,54.4,43.1,5.4,0.02
7156099999.0,2021-05-13,54.4,44.7,5.9,0.2
7156099999.0,2021-05-14,52.3,45.9,5.2,0.0
7156099999.0,2021-05-15,53.7,47.2,7.1,0.24
7156099999.0,2021-05-16,54.0,46.8,7.1,0.32
7156099999.0,2021-05-17,55.3,46.4,7.4,0.12
7156099999.0,2021-05-18,54.9,44.2,5.5,0.07
7156099999.0,2021-05-19,54.3,44.0,6.2,0.04
7156099999.0,2021-05-20,56.3,43.1,7.4,0.16
7156099999.0,2021-05-21,56.8,42.0,9.5,0.0
7156099999.0,2021-05-22,54.0,42.8,9.2,0.02
7156099999.0,2021-05-23,56.0,42.5,7.6,0.1
7156099999.0,2021-05-24,52.6,43.8,9.1,0.12
7156099999.0,2021-05-25,53.2,43.1,7.9,0.16
7156099999.0,2021-05-26,54.6,45.6,6.7,0.35
7156099999.0,2021-05-27,59.8,43.1,3.0,0.01
7156099999.0,2021-05-28,63.5,46.4,5.3,0.0
7156099999.0,2021-05-29,65.2,45.7,5.6,0.0
7156099999.0,2021-05-30,65.7,45.1,6.3,0.0
7156099999.0,2021-05-31,68.0,42.6,6.0,0.0
7156099999.0,2021-06-01,71.8,48.1,5.1,0.0
7156099999.0,2021-06-02,71.6,59.2,6.0,0.0
7156099999.0,2021-06-03,71.6,59.5,3.9,0.0
7156099999.0,2021-06-04,64.5,58.8,5.4,1.21
7156099999.0,2021-06-05,61.3,52.9,6.3,0.1
7156099999.0,2021-06-06,64.9,49.2,5.4,0.0
7156099999.0,2021-06-07,66.8,51.1,4.7,0.0
7156099999.0,2021-06-08,69.0,53.1,4.7,0.0
7156099999.0,2021-06-09,72.2,52.8,4.0,0.0
7156099999.0,2021-06-10,72.7,55.2,5.0,0.0
7156099999.0,2021-06-11,71.8,57.3,5.1,0.0
7156099999.0,2021-06-12,68.1,56.8,5.5,0.0
7156099999.0,2021-06-13,70.9,49.9,5.9,0.0
7156099999.0,2021-06-14,75.8,50.9,4.1,0.0
7156099999.0,2021-06-15,76.2,57.6,4.2,0.0
7156099999.0,2021-06-16,80.7,60.4,4.2,0.0
7156099999.0,2021-06-17,73.6,64.1,5.9,0.53
7156099999.0,2021-06-18,72.4,63.5,7.0,0.49
7156099999.0,2021-06-19,70.0,63.2,3.7,0.06
7156099999.0,2021-06-20,68.4,59.4,4.3,0.71
7156099999.0,2021-06-21,68.9,56.0,5.4,0.06
7156099999.0,2021-06-22,60.9,55.8,6.4,0.0
7156099999.0,2021-06-23,58.4,52.2,7.4,0.65
7156099999.0,2021-06-24,61.4,47.6,4.8,0.0
7156099999.0,2021-06-25,62.5,53.5,4.1,0.0
7156099999.0,2021-06-26,65.2,59.2,3.9,0.33
7156099999.0,2021-06-27,67.9,60.3,3.2,0.06
7156099999.0,2021-06-28,67.4,57.6,4.3,0.05
7156099999.0,2021-06-29,61.3,53.0,3.5,0.02
7156099999.0,2021-06-30,60.5,53.8,5.9,0.09
7156099999.0,2021-07-01,65.2,53.8,3.7,0.06
7156099999.0,2021-07-02,71.7,57.1,3.0,0.0
7156099999.0,2021-07-03,69.7,58.6,4.4,0.0
7156099999.0,2021-07-04,65.9,58.6,5.4,0.26
7156099999.0,2021-07-05,65.6,56.7,5.0,0.13
7156099999.0,2021-07-06,67.0,51.5,8.7,0.0
7156099999.0,2021-07-07,66.3,51.6,5.6,0.0
7156099999.0,2021-07-08,66.3,52.5,4.6,0.0
7156099999.0,2021-07-09,66.5,54.0,3.1,0.0
7156099999.0,2021-07-10,64.4,55.2,3.6,0.0
7156099999.0,2021-07-11,66.9,56.2,3.2,0.02
7156099999.0,2021-07-12,65.8,59.4,4.2,0.0
7156099999.0,2021-07-13,63.2,59.9,5.4,0.21
7156099999.0,2021-07-14,64.4,56.5,9.1,1.7
7156099999.0,2021-07-15,68.6,56.9,9.3,0.01
7156099999.0,2021-07-16,64.8,54.8,7.9,0.0
7156099999.0,2021-07-17,67.4,57.4,6.5,0.0
7156099999.0,2021-07-18,74.6,59.1,8.4,0.0
7156099999.0,2021-07-19,77.0,60.5,6.4,0.0
7156099999.0,2021-07-20,75.6,58.0,5.2,0.0
7156099999.0,2021-07-21,76.6,57.9,4.9,0.0
7156099999.0,2021-07-22,76.0,56.1,6.2,0.0
7156099999.0,2021-07-23,76.3,58.3,5.7,0.0
7156099999.0,2021-07-24,71.7,58.2,5.9,0.0
7156099999.0,2021-07-25,67.4,60.1,6.5,0.01
7156099999.0,2021-07-26,68.1,59.3,4.9,0.27
7156099999.0,2021-07-27,64.7,59.6,5.6,0.13
7156099999.0,2021-07-28,66.5,53.8,6.7,0.32
7156099999.0,2021-07-29,65.6,50.8,5.7,0.0
7156099999.0,2021-07-30,66.2,52.2,7.2,0.0
7156099999.0,2021-07-31,65.7,52.2,5.9,0.0
7156099999.0,2021-08-01,66.1,51.8,4.9,0.0
7156099999.0,2021-08-02,64.8,55.7,3.6,0.06
7156099999.0,2021-08-03,62.9,53.8,4.3,0.29
7156099999.0,2021-08-04,62.7,53.2,3.1,0.02
7156099999.0,2021-08-05,66.6,57.1,6.2,0.01
7156099999.0,2021-08-06,66.3,55.1,8.5,0.02
7156099999.0,2021-08-07,62.9,54.7,7.6,0.0
7156099999.0,2021-08-08,63.7,51.3,7.0,0.29
7156099999.0,2021-08-09,65.0,54.4,6.3,0.0
7156099999.0,2021-08-10,68.7,58.9,4.2,0.13
7156099999.0,2021-08-11,70.9,57.8,2.8,0.01
7156099999.0,2021-08-12,75.1,60.0,3.2,0.0
7156099999.0,2021-08-13,73.4,57.3,4.6,0.0
7156099999.0,2021-08-14,73.6,53.4,3.5,0.0
7156099999.0,2021-08-15,74.4,57.9,5.1,0.0
7156099999.0,2021-08-16,65.3,52.2,7.1,0.0
7156099999.0,2021-08-17,62.1,52.1,4.9,0.01
7156099999.0,2021-08-18,65.0,56.0,4.6,0.0
7156099999.0,2021-08-19,64.0,54.3,4.5,0.0
7156099999.0,2021-08-20,67.0,54.4,2.9,0.0
7156099999.0,2021-08-21,69.8,58.1,5.0,0.0
7156099999.0,2021-08-22,66.1,55.2,6.6,0.0
7156099999.0,2021-08-23,65.2,57.1,7.6,0.0
7156099999.0,2021-08-24,66.7,52.2,8.6,0.01
7156099999.0,2021-08-25,67.0,50.5,7.3,0.0
7156099999.0,2021-08-26,63.3,53.2,7.5,0.0
7156099999.0,2021-08-27,64.2,51.2,6.6,0.0
7156099999.0,2021-08-28,63.4,53.3,7.5,0.0
7156099999.0,2021-08-29,62.1,53.1,6.7,0.01
7156099999.0,2021-08-30,65.0,56.6,7.6,0.01
7156099999.0,2021-08-31,66.5,54.1,8.0,0.0
7156099999.0,2021-09-01,64.4,53.7,8.7,0.0
7156099999.0,2021-09-02,65.8,51.4,6.4,0.0
7156099999.0,2021-09-03,70.5,56.2,3.5,0.0
7156099999.0,2021-09-04,72.4,60.8,3.3,0.0
7156099999.0,2021-09-05,73.0,62.1,3.2,0.04
7156099999.0,2021-09-06,74.7,56.7,3.6,0.03
7156099999.0,2021-09-07,74.6,53.3,5.1,0.0
7156099999.0,2021-09-08,75.0,59.0,4.3,0.0
7156099999.0,2021-09-09,71.5,63.8,5.1,0.1
7156099999.0,2021-09-10,68.6,61.1,4.9,0.01
7156099999.0,2021-09-11,65.4,53.0,4.6,0.02
7156099999.0,2021-09-12,65.2,51.4,3.1,0.0
7156099999.0,2021-09-13,68.1,54.9,4.1,0.0
7156099999.0,2021-09-14,69.8,64.0,4.4,0.05
7156099999.0,2021-09-15,66.7,63.0,4.4,0.31
7156099999.0,2021-09-16,64.9,53.8,3.7,0.49
7156099999.0,2021-09-17,64.2,53.4,3.4,0.01
7156099999.0,2021-09-18,66.2,54.5,3.6,0.0
7156099999.0,2021-09-19,65.2,55.7,6.3,0.0
7156099999.0,2021-09-20,62.1,56.1,4.7,0.48
7156099999.0,2021-09-21,59.0,48.7,6.1,0.01
7156099999.0,2021-09-22,60.0,47.5,3.4,0.0
7156099999.0,2021-09-23,62.0,50.3,3.6,0.0
7156099999.0,2021-09-24,62.6,54.4,3.1,0.0
7156099999.0,2021-09-25,64.3,56.1,2.9,0.01
7156099999.0,2021-09-26,64.0,59.9,4.6,0.0
7156099999.0,2021-09-27,60.5,54.9,5.2,0.48
7156099999.0,2021-09-28,57.4,47.6,4.5,0.17
7156099999.0,2021-09-29,56.8,46.2,6.8,0.02
7156099999.0,2021-09-30,51.1,42.3,3.4,0.02
7156099999.0,2021-10-01,55.0,48.6,6.6,0.0
7156099999.0,2021-10-02,59.1,55.0,8.7,0.2
7156099999.0,2021-10-03,58.0,52.7,7.6,0.76
7156099999.0,2021-10-04,56.8,48.3,6.3,0.25
7156099999.0,2021-10-05,56.0,48.9,8.3,0.0
7156099999.0,2021-10-06,56.3,45.6,7.1,0.34
7156099999.0,2021-10-07,56.0,47.1,3.5,0.01
7156099999.0,2021-10-08,57.1,48.3,5.7,0.0
7156099999.0,2021-10-09,56.4,47.3,4.4,0.01
7156099999.0,2021-10-10,55.0,46.9,4.8,0.01
7156099999.0,2021-10-11,56.4,46.9,6.3,0.0
7156099999.0,2021-10-12,54.1,45.8,4.7,0.0
7156099999.0,2021-10-13,52.3,41.3,3.8,0.0
7156099999.0,2021-10-14,51.8,41.5,2.5,0.01
7156099999.0,2021-10-15,54.5,46.5,2.8,0.0
7156099999.0,2021-10-16,54.4,43.7,3.0,0.01
7156099999.0,2021-10-17,51.6,41.4,4.5,0.0
7156099999.0,2021-10-18,55.3,49.9,4.9,0.0
7156099999.0,2021-10-19,64.4,55.2,5.6,0.13
7156099999.0,2021-10-20,62.4,55.4,10.0,0.02
7156099999.0,2021-10-21,52.6,44.8,10.4,0.05
7156099999.0,2021-10-22,48.4,42.3,4.2,0.61
7156099999.0,2021-10-23,51.6,43.2,3.1,0.0
7156099999.0,2021-10-24,47.4,41.2,4.5,0.0
7156099999.0,2021-10-25,51.4,48.5,4.4,0.08
7156099999.0,2021-10-26,53.3,49.7,4.9,0.0
7156099999.0,2021-10-27,52.4,48.2,3.9,0.01
7156099999.0,2021-10-28,53.0,46.4,6.1,0.01
7156099999.0,2021-10-29,53.9,50.4,6.4,0.0
7156099999.0,2021-10-30,55.0,53.4,5.8,0.28
7156099999.0,2021-10-31,54.0,51.2,7.3,0.22
7156099999.0,2021-11-01,49.7,45.3,6.0,0.16
7156099999.0,2021-11-02,49.1,44.3,5.4,0.15
7156099999.0,2021-11-03,48.2,42.7,5.6,0.22
7156099999.0,2021-11-04,47.1,42.9,5.7,0.06
7156099999.0,2021-11-05,48.8,41.3,4.9,0.14
7156099999.0,2021-11-06,45.4,39.0,3.4,0.0
7156099999.0,2021-11-07,50.5,44.3,5.3,0.01
7156099999.0,2021-11-08,47.9,41.0,3.0,0.0
7156099999.0,2021-11-09,45.2,39.1,2.4,0.01
7156099999.0,2021-11-10,41.4,37.8,2.9,0.0
7156099999.0,2021-11-11,39.5,37.0,2.6,0.01
7156099999.0,2021-11-12,44.2,41.1,4.7,0.0
7156099999.0,2021-11-13,52.6,49.1,5.2,0.01
7156099999.0,2021-11-14,51.4,47.5,6.3,0.04
7156099999.0,2021-11-15,44.7,42.2,6.9,0.0
7156099999.0,2021-11-16,45.5,41.1,3.6,0.01
7156099999.0,2021-11-17,50.7,46.6,3.8,0.01
7156099999.0,2021-11-18,46.5,43.4,3.3,0.0
7156099999.0,2021-11-19,47.8,43.8,3.1,0.01
7156099999.0,2021-11-20,45.2,43.2,3.7,0.0
7156099999.0,2021-11-21,44.8,42.2,5.8,0.08
7156099999.0,2021-11-22,42.2,35.8,9.2,0.0
7156099999.0,2021-11-23,41.1,32.2,7.7,0.0
7156099999.0,2021-11-24,40.3,35.8,5.4,0.01
7156099999.0,2021-11-25,42.6,36.8,5.8,0.0
7156099999.0,2021-11-26,42.1,37.5,7.2,0.01
7156099999.0,2021-11-27,38.5,35.4,7.9,0.06
7156099999.0,2021-11-28,40.5,34.6,11.1,0.17
7156099999.0,2021-11-29,38.6,32.5,5.9,0.01
7156099999.0,2021-11-30,43.8,39.7,7.8,0.0
7156099999.0,2021-12-01,48.2,42.9,8.3,0.12
7156099999.0,2021-12-02,41.6,33.6,8.3,0.02
7156099999.0,2021-12-03,39.3,36.7,6.1,0.0
7156099999.0,2021-12-04,48.3,43.2,8.4,0.46
7156099999.0,2021-12-05,41.4,37.6,7.6,0.16
7156099999.0,2021-12-06,43.5,39.5,6.7,0.17
7156099999.0,2021-12-07,42.5,39.3,8.5,0.07
7156099999.0,2021-12-08,41.7,35.5,6.7,0.08
7156099999.0,2021-12-09,40.9,35.6,6.4,0.0
7156099999.0,2021-12-10,44.3,37.3,10.2,0.63
7156099999.0,2021-12-11,42.3,36.9,4.8,0.06
7156099999.0,2021-12-12,48.4,47.1,4.5,0.03
7156099999.0,2021-12-13,46.4,44.7,4.9,0.02
7156099999.0,2021-12-14,44.3,41.9,3.0,0.0
7156099999.0,2021-12-15,46.4,42.8,2.8,0.0
7156099999.0,2021-12-16,48.8,43.0,3.8,0.0
7156099999.0,2021-12-17,45.7,41.9,6.0,0.0
7156099999.0,2021-12-18,43.0,39.0,5.7,0.01
7156099999.0,2021-12-19,41.8,40.1,6.1,0.0
7156099999.0,2021-12-20,42.0,35.1,6.3,0.0
7156099999.0,2021-12-21,36.2,29.3,4.9,0.0
7156099999.0,2021-12-22,30.7,27.3,5.9,0.0
7156099999.0,2021-12-23,40.0,35.8,4.6,0.0
7156099999.0,2021-12-24,48.5,46.7,3.4,0.01
7156099999.0,2021-12-25,49.2,48.3,2.4,0.29
7156099999.0,2021-12-26,49.3,47.8,4.6,0.05
7156099999.0,2021-12-27,50.8,48.2,6.5,0.2
7156099999.0,2021-12-28,53.0,45.3,9.5,0.52
7156099999.0,2021-12-29,54.9,52.0,6.8,0.05
7156099999.0,2021-12-30,56.7,53.1,7.1,0.2
7156099999.0,2021-12-31,52.6,49.4,4.7,0.01
7156099999.0,2022-01-01,50.9,47.2,4.6,0.01
7156099999.0,2022-01-02,53.7,47.0,7.7,0.0
7156099999.0,2022-01-03,52.9,48.6,8.2,0.01
7156099999.0,2022-01-04,47.6,43.9,7.2,1.14
7156099999.0,2022-01-05,40.2,32.2,6.3,0.07
7156099999.0,2022-01-06,39.1,32.6,4.5,0.0
7156099999.0,2022-01-07,42.3,37.1,8.8,0.02
7156099999.0,2022-01-08,43.6,40.0,9.1,0.18
7156099999.0,2022-01-09,41.6,38.3,5.2,0.5
7156099999.0,2022-01-10,38.6,37.3,3.7,0.35
7156099999.0,2022-01-11,35.0,32.8,4.4,0.0
7156099999.0,2022-01-12,37.0,33.5,3.1,0.0
7156099999.0,2022-01-13,37.2,35.1,4.1,0.0
7156099999.0,2022-01-14,38.8,33.5,3.1,0.0
7156099999.0,2022-01-15,37.2,32.8,3.1,0.0
7156099999.0,2022-01-16,35.8,33.9,4.0,0.01
7156099999.0,2022-01-17,43.0,39.8,3.0,0.02
7156099999.0,2022-01-18,41.9,37.2,5.3,0.01
7156099999.0,2022-01-19,42.4,38.3,4.6,0.0
7156099999.0,2022-01-20,41.5,35.5,7.3,0.06
7156099999.0,2022-01-21,39.9,33.9,6.6,0.01
7156099999.0,2022-01-22,41.9,34.6,4.8,0.0
7156099999.0,2022-01-23,39.7,34.6,5.1,0.0
7156099999.0,2022-01-24,38.1,32.6,3.8,0.0
7156099999.0,2022-01-25,32.9,31.7,2.7,0.0
7156099999.0,2022-01-26,36.2,32.2,3.5,0.0
7156099999.0,2022-01-27,41.2,37.2,4.9,0.0
7156099999.0,2022-01-28,44.5,41.3,4.1,0.01
7156099999.0,2022-01-29,47.9,44.7,6.4,0.0
7156099999.0,2022-01-30,47.3,38.0,4.4,0.0
7156099999.0,2022-01-31,44.7,32.9,9.7,0.0
7156099999.0,2022-02-01,45.6,41.0,7.6,0.04
7156099999.0,2022-02-02,50.5,44.2,5.9,0.02
7156099999.0,2022-02-03,46.0,39.5,5.7,0.0
7156099999.0,2022-02-04,45.7,40.4,7.0,0.0
7156099999.0,2022-02-05,43.8,35.3,6.1,0.06
7156099999.0,2022-02-06,48.8,43.5,11.5,0.0
7156099999.0,2022-02-07,45.8,34.7,6.1,0.29
7156099999.0,2022-02-08,47.5,41.9,4.3,0.0
7156099999.0,2022-02-09,45.4,39.4,3.3,0.0
7156099999.0,2022-02-10,45.4,40.4,6.1,0.0
7156099999.0,2022-02-11,41.6,33.9,3.8,0.07
7156099999.0,2022-02-12,39.7,28.6,5.1,0.0
7156099999.0,2022-02-13,45.1,34.8,7.7,0.0
7156099999.0,2022-02-14,48.7,41.6,7.9,0.02
7156099999.0,2022-02-15,46.6,41.2,8.7,0.09
7156099999.0,2022-02-16,54.7,50.8,9.9,0.2
7156099999.0,2022-02-17,54.2,41.5,9.4,0.03
7156099999.0,2022-02-18,50.9,42.1,11.8,0.02
7156099999.0,2022-02-19,45.3,34.1,9.9,0.12
7156099999.0,2022-02-20,51.8,44.5,10.1,0.0
7156099999.0,2022-02-21,47.6,37.4,11.3,0.13
7156099999.0,2022-02-22,48.8,43.5,6.8,0.01
7156099999.0,2022-02-23,49.0,41.1,4.0,0.02
7156099999.0,2022-02-24,46.8,37.8,6.9,0.01
7156099999.0,2022-02-25,43.9,32.9,6.4,0.09
7156099999.0,2022-02-26,42.9,31.4,6.2,0.0
7156099999.0,2022-02-27,41.8,27.1,6.3,0.01
7156099999.0,2022-02-28,42.9,26.4,3.9,0.0
7156099999.0,2022-03-01,46.9,32.3,3.6,0.0
7156099999.0,2022-03-02,48.4,34.3,3.2,0.0
7156099999.0,2022-03-03,50.2,42.9,3.3,0.0
7156099999.0,2022-03-04,50.3,44.1,3.9,0.0
7156099999.0,2022-03-05,48.4,40.0,4.9,0.0
7156099999.0,2022-03-06,41.7,28.7,8.2,0.0
7156099999.0,2022-03-07,38.5,23.3,7.9,0.0
7156099999.0,2022-03-08,43.3,26.5,5.6,0.0
7156099999.0,2022-03-09,49.1,37.0,5.3,0.0
7156099999.0,2022-03-10,51.9,37.4,6.1,0.0
7156099999.0,2022-03-11,49.9,42.5,6.9,0.0
7156099999.0,2022-03-12,47.3,42.6,7.0,0.18
7156099999.0,2022-03-13,48.1,41.7,7.4,0.02
7156099999.0,2022-03-14,49.5,39.6,4.8,0.08
7156099999.0,2022-03-15,50.6,47.1,3.7,0.07
7156099999.0,2022-03-16,52.6,47.5,4.9,0.14
7156099999.0,2022-03-17,47.9,39.5,8.8,0.0
7156099999.0,2022-03-18,49.9,31.3,9.2,0.0
7156099999.0,2022-03-19,52.0,31.4,7.9,0.0
7156099999.0,2022-03-20,47.5,29.3,5.1,0.0
7156099999.0,2022-03-21,54.6,40.7,4.4,0.0
7156099999.0,2022-03-22,55.5,35.0,5.9,0.0
7156099999.0,2022-03-23,54.5,31.0,4.0,0.0
7156099999.0,2022-03-24,58.1,31.6,3.7,0.0
7156099999.0,2022-03-25,57.4,32.4,6.4,0.0
7156099999.0,2022-03-26,57.1,32.7,6.8,0.0
7156099999.0,2022-03-27,58.9,36.6,4.4,0.0
7156099999.0,2022-03-28,60.4,39.1,3.3,0.0
7156099999.0,2022-03-29,57.4,42.0,4.2,0.0
7156099999.0,2022-03-30,51.8,46.6,4.4,0.03
7156099999.0,2022-03-31,43.0,35.2,10.8,0.3
7156099999.0,2022-04-01,36.4,30.8,12.4,0.08
7156099999.0,2022-04-02,40.3,24.3,11.2,0.06
7156099999.0,2022-04-03,42.0,24.5,7.2,0.0
7156099999.0,2022-04-04,44.4,30.8,7.2,0.0
7156099999.0,2022-04-05,50.8,45.9,5.8,0.0
7156099999.0,2022-04-06,51.4,42.5,8.3,0.06
7156099999.0,2022-04-07,54.0,43.4,11.6,0.02
7156099999.0,2022-04-08,43.0,39.4,6.7,0.1
7156099999.0,2022-04-09,44.0,34.8,4.7,1.56
7156099999.0,2022-04-10,48.1,33.9,4.0,0.0
7156099999.0,2022-04-11,55.7,37.8,6.5,0.0
7156099999.0,2022-04-12,60.5,46.6,6.5,0.0
7156099999.0,2022-04-13,57.4,52.3,2.6,0.1
7156099999.0,2022-04-14,60.9,49.6,3.6,0.28
7156099999.0,2022-04-15,61.6,48.0,4.8,0.0
7156099999.0,2022-04-16,59.5,43.6,6.6,0.0
7156099999.0,2022-04-17,59.6,32.6,5.2,0.0
7156099999.0,2022-04-18,58.7,34.6,4.0,0.0
7156099999.0,2022-04-19,55.6,43.1,6.9,0.0
7156099999.0,2022-04-20,58.0,39.3,6.1,0.0
7156099999.0,2022-04-21,59.6,37.2,6.4,0.0
7156099999.0,2022-04-22,59.6,42.4,6.2,0.0
7156099999.0,2022-04-23,58.9,45.8,6.1,0.0
7156099999.0,2022-04-24,59.0,44.4,6.2,0.02
7156099999.0,2022-04-25,54.9,40.7,7.6,0.0
7156099999.0,2022-04-26,52.9,41.8,6.2,0.0
7156099999.0,2022-04-27,56.0,41.0,7.3,0.0
7156099999.0,2022-04-28,60.3,41.0,6.6,0.0
7156099999.0,2022-04-29,59.1,43.7,7.9,0.0
7156099999.0,2022-04-30,54.3,39.6,7.9,0.0
7156099999.0,2022-05-01,55.0,37.8,6.1,0.0
7156099999.0,2022-05-02,57.6,41.6,6.2,0.0
7156099999.0,2022-05-03,58.7,42.5,7.9,0.0
7156099999.0,2022-05-04,57.8,45.1,5.4,0.0
7156099999.0,2022-05-05,58.3,46.4,6.4,0.0
7156099999.0,2022-05-06,62.0,46.7,4.6,0.0
7156099999.0,2022-05-07,61.7,48.5,5.5,0.0
7156099999.0,2022-05-08,61.8,50.8,7.2,0.0
7156099999.0,2022-05-09,66.9,48.2,3.7,0.0
7156099999.0,2022-05-10,71.1,51.0,6.2,0.0
7156099999.0,2022-05-11,68.0,51.6,6.9,0.0
7156099999.0,2022-05-12,62.2,47.8,4.8,0.0
7156099999.0,2022-05-13,62.0,43.2,4.9,0.0
7156099999.0,2022-05-14,65.2,46.1,3.6,0.0
7156099999.0,2022-05-15,71.0,51.2,5.5,0.0
7156099999.0,2022-05-16,68.4,55.6,4.6,0.13
7156099999.0,2022-05-17,74.4,55.8,3.9,0.0
7156099999.0,2022-05-18,75.0,58.2,5.4,0.0
7156099999.0,2022-05-19,72.6,59.9,5.3,0.0
7156099999.0,2022-05-20,63.9,55.2,5.5,0.0
7156099999.0,2022-05-21,65.4,51.2,3.3,0.13
7156099999.0,2022-05-22,66.8,53.2,4.4,0.0
7156099999.0,2022-05-23,61.8,56.7,4.7,0.02
7156099999.0,2022-05-24,57.9,46.7,6.6,0.34
7156099999.0,2022-05-25,60.3,46.3,5.4,0.0
7156099999.0,2022-05-26,62.7,52.0,5.4,0.0
7156099999.0,2022-05-27,61.9,49.9,5.6,0.01
7156099999.0,2022-05-28,60.5,44.8,6.2,0.0
7156099999.0,2022-05-29,55.3,39.7,7.6,0.0
7156099999.0,2022-05-30,57.8,40.8,4.9,0.0
7156099999.0,2022-05-31,62.2,41.3,4.3,0.0
7156099999.0,2022-06-01,62.3,43.2,4.9,0.0
7156099999.0,2022-06-02,66.5,43.8,5.9,0.0
7156099999.0,2022-06-03,66.2,54.8,3.3,0.0
7156099999.0,2022-06-04,67.9,60.8,4.3,0.06
7156099999.0,2022-06-05,65.7,59.9,4.3,0.89
7156099999.0,2022-06-06,64.2,50.8,5.3,0.05
7156099999.0,2022-06-07,65.8,53.9,6.5,0.01
7156099999.0,2022-06-08,62.9,54.6,6.5,0.3
7156099999.0,2022-06-09,63.0,49.9,5.6,0.29
7156099999.0,2022-06-10,67.1,55.3,5.1,0.0
7156099999.0,2022-06-11,69.7,56.5,4.3,0.0
7156099999.0,2022-06-12,66.5,48.0,6.5,0.0
7156099999.0,2022-06-13,65.1,47.8,5.2,0.0
7156099999.0,2022-06-14,70.1,49.1,4.7,0.0
7156099999.0,2022-06-15,75.6,52.0,5.1,0.0
7156099999.0,2022-06-16,75.7,50.8,4.8,0.0
7156099999.0,2022-06-17,80.9,54.7,3.8,0.0
7156099999.0,2022-06-18,85.4,60.2,4.1,0.0
7156099999.0,2022-06-19,68.0,58.2,9.2,0.07
7156099999.0,2022-06-20,65.0,56.9,6.4,0.48
7156099999.0,2022-06-21,70.2,57.4,4.8,0.03
7156099999.0,2022-06-22,69.8,58.0,5.2,0.0
7156099999.0,2022-06-23,74.1,58.8,5.4,0.0
7156099999.0,2022-06-24,69.8,58.2,7.0,0.37
7156099999.0,2022-06-25,63.0,54.7,5.2,0.01
7156099999.0,2022-06-26,64.1,51.3,4.0,0.02
7156099999.0,2022-06-27,66.7,49.5,5.3,0.0
7156099999.0,2022-06-28,70.8,48.8,4.3,0.0
7156099999.0,2022-06-29,70.1,51.7,4.8,0.0
7156099999.0,2022-06-30,59.7,54.2,4.4,0.06
7156099999.0,2022-07-01,62.6,47.9,4.2,0.41
7156099999.0,2022-07-02,69.3,49.3,4.2,0.0
7156099999.0,2022-07-03,67.5,49.9,5.6,0.0
7156099999.0,2022-07-04,68.2,50.2,5.1,0.0
7156099999.0,2022-07-05,67.6,51.1,6.2,0.0
7156099999.0,2022-07-06,69.2,51.0,5.5,0.0
7156099999.0,2022-07-07,66.2,55.0,7.2,0.0
7156099999.0,2022-07-08,69.2,50.2,5.9,0.0
7156099999.0,2022-07-09,73.4,54.2,6.5,0.0
7156099999.0,2022-07-10,70.8,51.8,7.5,0.0
7156099999.0,2022-07-11,76.4,55.4,6.1,0.0
7156099999.0,2022-07-12,80.2,53.6,3.1,0.0
7156099999.0,2022-07-13,83.4,53.6,4.6,0.0
7156099999.0,2022-07-14,78.0,54.3,6.7,0.0
7156099999.0,2022-07-15,71.4,47.1,7.0,0.0
7156099999.0,2022-07-16,73.9,48.9,5.4,0.0
7156099999.0,2022-07-17,77.7,47.3,4.6,0.0
7156099999.0,2022-07-18,85.3,50.0,3.5,0.0
7156099999.0,2022-07-19,88.4,55.0,6.4,0.0
7156099999.0,2022-07-20,69.3,63.7,5.0,0.14
7156099999.0,2022-07-21,71.9,60.9,4.3,0.13
7156099999.0,2022-07-22,70.1,62.5,4.7,0.0
7156099999.0,2022-07-23,71.6,61.2,3.8,0.06
7156099999.0,2022-07-24,79.1,58.6,4.7,0.0
7156099999.0,2022-07-25,73.9,56.1,7.5,0.0
7156099999.0,2022-07-26,67.5,53.7,5.3,0.0
7156099999.0,2022-07-27,69.2,50.2,5.2,0.0
7156099999.0,2022-07-28,70.9,47.7,4.3,0.0
7156099999.0,2022-07-29,74.9,49.2,3.7,0.0
7156099999.0,2022-07-30,76.5,53.5,4.3,0.0
7156099999.0,2022-07-31,73.6,59.3,5.6,0.0
7156099999.0,2022-08-01,72.8,59.1,4.0,0.0
7156099999.0,2022-08-02,76.4,57.8,3.6,0.0
7156099999.0,2022-08-03,83.1,59.3,3.8,0.0
7156099999.0,2022-08-04,75.0,61.2,6.5,0.0
7156099999.0,2022-08-05,68.9,53.7,6.7,0.32
7156099999.0,2022-08-06,68.3,43.6,7.9,0.0
7156099999.0,2022-08-07,70.8,45.9,7.8,0.0
7156099999.0,2022-08-08,73.3,49.6,8.2,0.0
7156099999.0,2022-08-09,75.6,53.5,7.9,0.0
7156099999.0,2022-08-10,76.9,51.8,5.4,0.0
7156099999.0,2022-08-11,80.5,48.6,5.6,0.0
7156099999.0,2022-08-12,81.7,48.0,5.4,0.0
7156099999.0,2022-08-13,80.9,45.8,4.6,0.0
7156099999.0,2022-08-14,72.4,56.1,5.0,0.0
7156099999.0,2022-08-15,69.5,61.1,3.6,0.44
7156099999.0,2022-08-16,69.9,62.0,3.8,0.01
7156099999.0,2022-08-17,68.7,63.0,3.3,1.85
7156099999.0,2022-08-18,72.6,59.7,4.9,0.02
7156099999.0,2022-08-19,69.0,60.8,4.5,0.0
7156099999.0,2022-08-20,67.8,53.3,3.8,0.03
7156099999.0,2022-08-21,70.2,55.4,4.2,0.0
7156099999.0,2022-08-22,70.9,58.0,3.8,0.0
7156099999.0,2022-08-23,73.6,62.0,2.3,0.0
7156099999.0,2022-08-24,79.0,60.2,3.2,0.0
7156099999.0,2022-08-25,76.6,58.7,5.8,0.0
7156099999.0,2022-08-26,71.1,58.4,6.5,0.0
7156099999.0,2022-08-27,69.5,52.8,5.8,0.0
7156099999.0,2022-08-28,69.7,53.9,6.3,0.0
7156099999.0,2022-08-29,72.7,53.1,6.7,0.0
7156099999.0,2022-08-30,70.7,53.9,4.8,0.09
7156099999.0,2022-08-31,71.6,55.1,5.9,0.0
7156099999.0,2022-09-01,72.9,56.3,4.6,0.0
7156099999.0,2022-09-02,69.3,56.7,3.8,0.01
7156099999.0,2022-09-03,68.5,59.7,5.0,0.01
7156099999.0,2022-09-04,72.7,54.4,4.8,0.0
7156099999.0,2022-09-05,72.4,61.2,4.2,0.18
7156099999.0,2022-09-06,70.8,59.5,3.9,0.27
7156099999.0,2022-09-07,64.8,59.1,4.9,0.02
7156099999.0,2022-09-08,64.4,57.1,6.5,0.17
7156099999.0,2022-09-09,62.4,56.2,7.3,0.01
7156099999.0,2022-09-10,61.6,57.5,5.3,0.15
7156099999.0,2022-09-11,63.6,56.8,3.2,0.21
7156099999.0,2022-09-12,69.0,56.4,3.6,0.01
7156099999.0,2022-09-13,72.2,61.4,4.0,0.0
7156099999.0,2022-09-14,72.0,62.7,5.4,0.02
7156099999.0,2022-09-15,65.5,54.2,6.3,0.0
7156099999.0,2022-09-16,59.2,46.4,6.3,0.0
7156099999.0,2022-09-17,56.0,40.9,6.7,0.01
7156099999.0,2022-09-18,57.1,43.2,5.5,0.0
7156099999.0,2022-09-19,57.7,43.9,5.3,0.0
7156099999.0,2022-09-20,56.1,45.4,3.8,0.0
7156099999.0,2022-09-21,57.8,45.0,4.6,0.0
7156099999.0,2022-09-22,58.9,42.8,2.4,0.0
7156099999.0,2022-09-23,60.2,46.0,2.5,0.0
7156099999.0,2022-09-24,58.8,53.1,3.6,0.02
7156099999.0,2022-09-25,58.8,47.7,6.4,0.12
7156099999.0,2022-09-26,54.9,47.8,6.1,0.01
7156099999.0,2022-09-27,54.3,49.4,6.6,0.34
7156099999.0,2022-09-28,54.6,47.0,4.0,0.17
7156099999.0,2022-09-29,52.5,47.3,2.6,0.0
7156099999.0,2022-09-30,54.9,45.8,4.9,0.09
7156099999.0,2022-10-01,61.5,52.9,8.1,0.13
7156099999.0,2022-10-02,60.9,56.6,5.3,0.02
7156099999.0,2022-10-03,53.4,50.4,3.1,0.09
7156099999.0,2022-10-04,55.8,50.9,3.2,0.01
7156099999.0,2022-10-05,61.0,53.5,6.8,0.01
7156099999.0,2022-10-06,57.7,46.3,3.2,0.0
7156099999.0,2022-10-07,55.9,44.1,3.1,0.0
7156099999.0,2022-10-08,56.9,45.6,4.0,0.01
7156099999.0,2022-10-09,55.0,44.6,3.7,0.0
7156099999.0,2022-10-10,57.8,51.8,5.0,0.0
7156099999.0,2022-10-11,55.9,45.6,5.3,0.0
7156099999.0,2022-10-12,56.5,48.0,2.6,0.0
7156099999.0,2022-10-13,57.3,53.6,5.0,0.0
7156099999.0,2022-10-14,59.7,58.0,4.7,0.15
7156099999.0,2022-10-15,61.5,56.8,5.6,0.31
7156099999.0,2022-10-16,62.6,58.3,4.4,0.05
7156099999.0,2022-10-17,63.7,61.1,4.6,0.01
7156099999.0,2022-10-18,62.5,60.2,2.9,0.52
7156099999.0,2022-10-19,63.0,58.9,4.9,0.01
7156099999.0,2022-10-20,64.3,59.1,5.8,0.09
7156099999.0,2022-10-21,62.1,57.1,5.8,0.42
7156099999.0,2022-10-22,61.6,55.1,4.8,0.13
7156099999.0,2022-10-23,64.7,55.5,7.6,0.02
7156099999.0,2022-10-24,61.3,54.2,8.6,0.0
7156099999.0,2022-10-25,60.3,54.9,5.2,0.0
7156099999.0,2022-10-26,62.7,56.2,4.6,0.01
7156099999.0,2022-10-27,63.5,56.1,6.1,0.01
7156099999.0,2022-10-28,65.0,57.7,4.9,0.0
7156099999.0,2022-10-29,65.5,55.8,5.1,0.0
7156099999.0,2022-10-30,59.9,53.1,3.2,0.0
7156099999.0,2022-10-31,61.0,55.6,5.3,0.0
7156099999.0,2022-11-01,57.7,48.0,9.0,0.09
7156099999.0,2022-11-02,54.4,47.5,5.6,0.01
7156099999.0,2022-11-03,53.1,48.4,7.1,0.01
7156099999.0,2022-11-04,50.8,44.8,7.0,0.17
7156099999.0,2022-11-05,48.6,43.7,5.3,0.07
7156099999.0,2022-11-06,50.1,47.0,6.7,0.0
7156099999.0,2022-11-07,55.9,51.3,7.2,0.34
7156099999.0,2022-11-08,56.1,48.8,8.2,0.01
7156099999.0,2022-11-09,53.8,48.6,5.5,0.02
7156099999.0,2022-11-10,48.6,46.1,5.3,0.01
7156099999.0,2022-11-11,50.3,46.5,4.7,0.0
7156099999.0,2022-11-12,51.3,48.5,2.8,0.01
7156099999.0,2022-11-13,50.1,47.1,2.8,0.02
7156099999.0,2022-11-14,48.6,46.5,4.4,0.0
7156099999.0,2022-11-15,51.3,49.1,6.3,0.01
7156099999.0,2022-11-16,51.7,48.9,9.2,0.19
7156099999.0,2022-11-17,53.4,46.3,8.9,0.37
7156099999.0,2022-11-18,49.2,43.4,6.1,0.06
7156099999.0,2022-11-19,47.3,41.6,4.7,0.01
7156099999.0,2022-11-20,45.8,41.1,6.3,0.0
7156099999.0,2022-11-21,44.7,42.0,6.6,0.04
7156099999.0,2022-11-22,46.6,40.3,8.4,0.15
7156099999.0,2022-11-23,47.2,43.2,7.4,0.03
7156099999.0,2022-11-24,50.1,45.3,7.6,0.2
7156099999.0,2022-11-25,49.1,45.0,4.1,0.02
7156099999.0,2022-11-26,44.1,42.3,5.1,0.01
7156099999.0,2022-11-27,46.0,41.6,6.4,0.01
7156099999.0,2022-11-28,48.4,45.3,3.9,0.2
7156099999.0,2022-11-29,46.4,42.4,2.9,0.0
7156099999.0,2022-11-30,44.0,40.1,5.0,0.0
7156099999.0,2022-12-01,42.2,37.7,8.6,0.0
7156099999.0,2022-12-02,40.7,36.7,7.0,0.0
7156099999.0,2022-12-03,38.3,33.9,8.1,0.1
7156099999.0,2022-12-04,38.3,33.7,6.2,0.0
7156099999.0,2022-12-05,36.7,33.8,4.1,0.13
7156099999.0,2022-12-06,39.0,36.5,4.1,0.04
7156099999.0,2022-12-07,39.7,36.0,3.2,0.0
7156099999.0,2022-12-08,37.9,34.1,3.2,0.0
7156099999.0,2022-12-09,36.1,32.0,4.9,0.0
7156099999.0,2022-12-10,35.4,31.0,4.3,0.0
7156099999.0,2022-12-11,29.5,26.5,5.6,0.0
7156099999.0,2022-12-12,29.5,25.2,5.0,0.0
7156099999.0,2022-12-13,30.7,21.2,5.3,0.0
7156099999.0,2022-12-14,33.6,26.6,4.2,0.01
7156099999.0,2022-12-15,32.0,23.3,6.5,0.0
7156099999.0,2022-12-16,32.2,28.1,5.3,0.0
7156099999.0,2022-12-17,29.1,25.2,4.2,0.0
7156099999.0,2022-12-18,29.6,25.8,6.4,0.0
7156099999.0,2022-12-19,48.0,41.9,7.5,0.18
7156099999.0,2022-12-20,52.2,47.5,7.2,0.02
7156099999.0,2022-12-21,51.1,48.9,7.5,0.28
7156099999.0,2022-12-22,54.6,51.1,9.4,0.28
7156099999.0,2022-12-23,56.3,52.2,7.2,0.4
7156099999.0,2022-12-24,51.5,48.4,5.7,0.09
7156099999.0,2022-12-25,53.1,49.4,6.5,0.05
7156099999.0,2022-12-26,49.8,43.4,6.9,0.0
7156099999.0,2022-12-27,43.8,38.8,5.7,0.04
7156099999.0,2022-12-28,50.7,46.4,10.5,0.01
7156099999.0,2022-12-29,50.1,43.6,8.4,0.28
7156099999.0,2022-12-30,50.8,48.6,10.5,0.0
7156099999.0,2022-12-31,59.4,48.4,12.3,0.14
7156099999.0,2023-01-01,55.5,47.7,8.1,0.0
7156099999.0,2023-01-02,51.0,46.5,5.9,0.2
7156099999.0,2023-01-03,46.1,43.8,6.8,0.06
7156099999.0,2023-01-04,53.5,50.6,10.3,0.08
7156099999.0,2023-01-05,54.8,49.9,5.7,0.03
7156099999.0,2023-01-06,52.7,47.5,6.9,0.01
7156099999.0,2023-01-07,50.1,43.7,9.1,0.0
7156099999.0,2023-01-08,49.0,43.8,9.0,0.09
7156099999.0,2023-01-09,45.1,38.3,9.3,0.04
7156099999.0,2023-01-10,45.3,42.7,7.7,0.17
7156099999.0,2023-01-11,51.5,45.4,9.3,0.25
7156099999.0,2023-01-12,51.5,46.8,10.7,0.0
7156099999.0,2023-01-13,49.0,41.4,8.1,0.13
7156099999.0,2023-01-14,50.5,47.6,10.7,0.02
7156099999.0,2023-01-15,45.0,37.5,10.4,0.52
7156099999.0,2023-01-16,41.9,37.3,11.2,0.24
7156099999.0,2023-01-17,36.7,33.7,5.7,0.13
7156099999.0,2023-01-18,36.7,29.6,5.3,0.02
7156099999.0,2023-01-19,34.9,32.7,4.3,0.0
7156099999.0,2023-01-20,37.9,32.9,5.9,0.06
7156099999.0,2023-01-21,36.1,29.0,10.0,0.01
7156099999.0,2023-01-22,33.9,27.0,9.4,0.0
7156099999.0,2023-01-23,36.1,29.9,8.0,0.0
7156099999.0,2023-01-24,36.7,31.4,7.1,0.0
7156099999.0,2023-01-25,34.1,30.8,5.1,0.01
7156099999.0,2023-01-26,37.2,34.7,5.0,0.0
7156099999.0,2023-01-27,40.8,34.0,9.1,0.02
7156099999.0,2023-01-28,38.0,29.8,8.7,0.0
7156099999.0,2023-01-29,36.2,28.5,3.8,0.0
7156099999.0,2023-01-30,43.1,38.2,5.6,0.0
7156099999.0,2023-01-31,42.3,37.1,4.9,0.02
7156099999.0,2023-02-01,47.2,37.6,7.0,0.0
7156099999.0,2023-02-02,46.9,38.8,6.2,0.0
7156099999.0,2023-02-03,48.5,42.0,5.9,0.0
7156099999.0,2023-02-04,49.2,44.7,5.2,0.0
7156099999.0,2023-02-05,46.0,36.4,8.5,0.05
7156099999.0,2023-02-06,40.3,32.9,7.4,0.0
7156099999.0,2023-02-07,37.8,28.1,6.3,0.01
7156099999.0,2023-02-08,36.5,22.9,3.5,0.0
7156099999.0,2023-02-09,37.7,25.7,2.8,0.0
7156099999.0,2023-02-10,43.8,36.4,3.8,0.0
7156099999.0,2023-02-11,43.9,38.9,3.3,0.0
7156099999.0,2023-02-12,45.7,39.8,4.6,0.0
7156099999.0,2023-02-13,44.5,37.9,3.2,0.0
7156099999.0,2023-02-14,44.5,36.7,2.5,0.0
7156099999.0,2023-02-15,44.7,37.9,3.1,0.0
7156099999.0,2023-02-16,48.8,41.4,5.7,0.0
7156099999.0,2023-02-17,55.3,50.2,6.0,0.0
7156099999.0,2023-02-18,53.0,44.2,7.5,0.0
7156099999.0,2023-02-19,51.4,42.2,5.5,0.0
7156099999.0,2023-02-20,46.4,40.0,3.0,0.0
7156099999.0,2023-02-21,49.1,40.4,2.7,0.0
7156099999.0,2023-02-22,48.7,44.1,5.1,0.0
7156099999.0,2023-02-23,47.8,41.6,5.7,0.01
7156099999.0,2023-02-24,46.9,38.1,7.5,0.0
7156099999.0,2023-02-25,43.1,32.8,8.8,0.0
7156099999.0,2023-02-26,37.0,21.5,11.5,0.0
7156099999.0,2023-02-27,37.3,20.4,10.8,0.0
7156099999.0,2023-02-28,36.4,21.2,8.2,0.0
7156099999.0,2023-03-01,37.5,23.3,7.7,0.0
7156099999.0,2023-03-02,40.1,26.9,6.6,0.0
7156099999.0,2023-03-03,41.7,31.7,8.1,0.0
7156099999.0,2023-03-04,39.9,31.4,6.8,0.0
7156099999.0,2023-03-05,42.9,34.1,3.9,0.0
7156099999.0,2023-03-06,42.4,32.2,5.7,0.0
7156099999.0,2023-03-07,44.3,33.2,7.1,0.0
7156099999.0,2023-03-08,50.3,47.2,8.9,0.37
7156099999.0,2023-03-09,53.5,47.7,10.0,0.94
7156099999.0,2023-03-10,46.1,39.0,11.1,0.26
7156099999.0,2023-03-11,43.3,34.9,4.9,0.02
7156099999.0,2023-03-12,53.0,46.1,7.4,0.05
7156099999.0,2023-03-13,56.2,49.9,11.1,0.05
7156099999.0,2023-03-14,47.7,39.0,10.3,0.04
7156099999.0,2023-03-15,45.0,34.2,3.8,0.06
7156099999.0,2023-03-16,52.3,34.6,6.5,0.0
7156099999.0,2023-03-17,54.8,44.2,6.6,0.0
7156099999.0,2023-03-18,54.5,47.2,7.8,0.14
7156099999.0,2023-03-19,50.3,41.9,5.8,0.03
7156099999.0,2023-03-20,50.1,40.3,4.5,0.06
7156099999.0,2023-03-21,54.1,45.3,6.4,0.01
7156099999.0,2023-03-22,53.6,47.2,9.8,0.0
7156099999.0,2023-03-23,56.8,48.1,10.1,0.07
7156099999.0,2023-03-24,54.7,44.9,9.9,0.02
7156099999.0,2023-03-25,52.6,41.5,9.9,0.09
7156099999.0,2023-03-26,49.6,41.3,9.7,0.13
7156099999.0,2023-03-27,46.2,31.1,7.3,0.09
7156099999.0,2023-03-28,46.2,32.1,6.2,0.0
7156099999.0,2023-03-29,59.6,44.5,7.0,0.0
7156099999.0,2023-03-30,58.6,47.5,9.4,0.0
7156099999.0,2023-03-31,54.7,45.5,13.0,0.14
7156099999.0,2023-04-01,52.9,43.5,10.4,0.19
7156099999.0,2023-04-02,46.8,41.4,10.5,0.1
7156099999.0,2023-04-03,47.4,34.1,7.7,0.0
7156099999.0,2023-04-04,46.0,27.9,6.5,0.0
7156099999.0,2023-04-05,49.7,27.2,3.1,0.0
7156099999.0,2023-04-06,53.1,40.0,5.7,0.0
7156099999.0,2023-04-07,51.1,40.1,6.5,0.02
7156099999.0,2023-04-08,50.4,38.9,5.7,0.0
7156099999.0,2023-04-09,54.9,40.6,3.7,0.0
7156099999.0,2023-04-10,54.8,45.4,6.7,0.0
7156099999.0,2023-04-11,51.1,43.2,7.4,0.23
7156099999.0,2023-04-12,49.7,41.2,9.6,0.58
7156099999.0,2023-04-13,49.2,37.3,7.3,0.12
7156099999.0,2023-04-14,45.5,42.0,5.9,0.01
7156099999.0,2023-04-15,50.8,44.4,8.2,0.51
7156099999.0,2023-04-16,51.8,37.8,7.6,0.03
7156099999.0,2023-04-17,49.7,42.1,6.9,0.0
7156099999.0,2023-04-18,53.3,42.8,7.3,0.0
7156099999.0,2023-04-19,57.2,43.3,7.0,0.01
7156099999.0,2023-04-20,48.9,33.6,8.0,0.0
7156099999.0,2023-04-21,49.3,35.8,3.0,0.0
7156099999.0,2023-04-22,53.7,45.2,5.4,0.16
7156099999.0,2023-04-23,52.3,47.0,7.3,0.16
7156099999.0,2023-04-24,51.3,42.8,6.5,0.25
7156099999.0,2023-04-25,48.4,39.9,4.9,0.07
7156099999.0,2023-04-26,51.3,39.3,3.4,0.0
7156099999.0,2023-04-27,58.7,47.7,4.3,0.01
7156099999.0,2023-04-28,63.2,54.9,6.6,0.33
7156099999.0,2023-04-29,54.9,47.2,5.5,0.0
7156099999.0,2023-04-30,57.1,44.7,3.6,0.0
7156099999.0,2023-05-01,55.7,47.7,5.7,0.0
7156099999.0,2023-05-02,57.9,47.8,5.5,0.14
7156099999.0,2023-05-03,60.5,43.4,6.2,0.0
7156099999.0,2023-05-04,64.9,49.8,6.5,0.0
7156099999.0,2023-05-05,61.2,52.6,5.2,0.04
7156099999.0,2023-05-06,61.9,54.1,3.5,0.04
7156099999.0,2023-05-07,60.0,57.1,3.5,1.0
7156099999.0,2023-05-08,59.9,53.3,3.3,0.2
7156099999.0,2023-05-09,58.0,53.7,5.1,0.06
7156099999.0,2023-05-10,56.4,48.2,5.9,0.48
7156099999.0,2023-05-11,56.2,47.0,4.0,0.15
7156099999.0,2023-05-12,54.6,47.1,5.9,0.0
7156099999.0,2023-05-13,60.4,50.8,8.1,0.05
7156099999.0,2023-05-14,57.4,48.9,6.2,0.0
7156099999.0,2023-05-15,54.0,48.5,6.3,0.0
7156099999.0,2023-05-16,53.8,41.1,9.0,0.1
7156099999.0,2023-05-17,56.5,42.5,8.2,0.0
7156099999.0,2023-05-18,56.1,40.6,7.8,0.0
7156099999.0,2023-05-19,59.4,42.8,7.8,0.0
7156099999.0,2023-05-20,62.4,47.2,8.9,0.0
7156099999.0,2023-05-21,63.8,51.9,8.3,0.0
7156099999.0,2023-05-22,62.7,52.7,7.2,0.0
7156099999.0,2023-05-23,59.0,49.5,9.6,0.0
7156099999.0,2023-05-24,58.5,42.8,8.8,0.0
7156099999.0,2023-05-25,62.4,45.9,8.7,0.0
7156099999.0,2023-05-26,63.6,48.7,7.6,0.0
7156099999.0,2023-05-27,66.3,48.7,7.0,0.0
7156099999.0,2023-05-28,69.5,49.9,7.9,0.0
7156099999.0,2023-05-29,66.3,51.7,10.1,0.0
7156099999.0,2023-05-30,63.9,45.1,9.8,0.0
7156099999.0,2023-05-31,68.3,50.4,8.6,0.0
7156099999.0,2023-06-01,68.6,53.0,8.7,0.0
7156099999.0,2023-06-02,60.8,46.9,9.8,0.0
7156099999.0,2023-06-03,66.5,47.8,7.3,0.0
7156099999.0,2023-06-04,69.7,43.8,8.1,0.0
7156099999.0,2023-06-05,68.6,49.3,8.5,0.0
7156099999.0,2023-06-06,68.1,50.6,7.7,0.0
7156099999.0,2023-06-07,70.8,52.4,7.3,0.0
7156099999.0,2023-06-08,72.3,53.7,5.7,0.0
7156099999.0,2023-06-09,76.9,55.2,5.1,0.0
7156099999.0,2023-06-10,75.3,60.0,5.0,0.0
7156099999.0,2023-06-11,72.6,63.7,4.9,0.01
7156099999.0,2023-06-12,71.7,62.7,5.0,0.17
7156099999.0,2023-06-13,75.9,53.1,5.6,0.0
7156099999.0,2023-06-14,76.1,47.6,4.5,0.0
7156099999.0,2023-06-15,73.8,49.6,4.6,0.0
7156099999.0,2023-06-16,76.5,47.5,4.2,0.0
7156099999.0,2023-06-17,77.0,56.0,4.5,0.0
7156099999.0,2023-06-18,71.9,62.3,5.1,0.09
7156099999.0,2023-06-19,69.4,62.3,3.6,0.5
7156099999.0,2023-06-20,72.2,63.1,6.2,0.01
7156099999.0,2023-06-21,73.7,60.2,4.0,0.01
7156099999.0,2023-06-22,69.1,59.7,6.8,0.08
7156099999.0,2023-06-23,72.8,55.7,4.1,0.56
7156099999.0,2023-06-24,76.2,56.8,4.4,0.0
7156099999.0,2023-06-25,80.1,57.1,5.1,0.0
7156099999.0,2023-06-26,68.3,50.7,6.9,0.0
7156099999.0,2023-06-27,68.7,50.4,5.1,0.0
7156099999.0,2023-06-28,71.4,54.8,3.8,0.0
7156099999.0,2023-06-29,70.7,59.6,4.5,0.0
7156099999.0,2023-06-30,68.1,50.9,6.3,0.0
7156099999.0,2023-07-01,67.3,56.6,7.5,0.05
7156099999.0,2023-07-02,66.4,49.9,6.6,0.02
7156099999.0,2023-07-03,68.2,50.2,6.4,0.0
7156099999.0,2023-07-04,65.8,54.3,5.4,0.0
7156099999.0,2023-07-05,62.8,50.5,6.6,0.65
7156099999.0,2023-07-06,68.9,49.7,3.0,0.0
7156099999.0,2023-07-07,76.3,54.3,5.0,0.0
7156099999.0,2023-07-08,81.2,60.0,5.1,0.0
7156099999.0,2023-07-09,75.3,62.5,5.3,0.0
7156099999.0,2023-07-10,75.2,53.9,4.4,0.01
7156099999.0,2023-07-11,77.5,56.8,5.5,0.0
7156099999.0,2023-07-12,70.2,52.1,6.0,0.0
7156099999.0,2023-07-13,68.6,51.2,5.2,0.0
7156099999.0,2023-07-14,76.3,52.3,7.2,0.0
7156099999.0,2023-07-15,72.1,56.8,9.0,0.0
7156099999.0,2023-07-16,68.5,50.9,7.4,0.13
7156099999.0,2023-07-17,68.2,49.6,4.8,0.0
7156099999.0,2023-07-18,73.6,50.2,3.8,0.0
7156099999.0,2023-07-19,69.7,52.7,6.8,0.0
7156099999.0,2023-07-20,68.7,52.1,3.6,0.0
7156099999.0,2023-07-21,67.8,49.3,5.3,0.0
7156099999.0,2023-07-22,68.6,47.8,6.3,0.0
7156099999.0,2023-07-23,69.3,57.5,8.2,0.0
7156099999.0,2023-07-24,67.4,57.7,6.5,0.05
7156099999.0,2023-07-25,62.3,53.9,5.2,0.69
7156099999.0,2023-07-26,65.5,51.5,5.2,0.02
7156099999.0,2023-07-27,67.0,59.8,6.8,0.0
7156099999.0,2023-07-28,68.8,65.9,4.7,0.26
7156099999.0,2023-07-29,69.1,61.7,5.6,1.89
7156099999.0,2023-07-30,67.1,54.0,6.7,0.07
7156099999.0,2023-07-31,66.0,59.1,8.4,0.0
7156099999.0,2023-08-01,66.3,57.5,8.1,0.43
7156099999.0,2023-08-02,68.0,59.1,11.7,1.09
7156099999.0,2023-08-03,62.7,57.7,6.8,0.09
7156099999.0,2023-08-04,63.9,55.7,4.9,0.14
7156099999.0,2023-08-05,61.1,54.6,7.9,0.09
7156099999.0,2023-08-06,61.6,49.9,7.7,0.05
7156099999.0,2023-08-07,62.8,51.3,4.9,0.0
7156099999.0,2023-08-08,67.5,52.5,4.6,0.0
7156099999.0,2023-08-09,68.1,56.9,3.2,0.0
7156099999.0,2023-08-10,72.2,59.1,3.4,0.0
7156099999.0,2023-08-11,71.3,64.0,4.2,0.0
7156099999.0,2023-08-12,70.5,60.4,4.9,0.52
7156099999.0,2023-08-13,68.7,55.5,4.3,0.03
7156099999.0,2023-08-14,70.5,60.3,4.9,0.0
7156099999.0,2023-08-15,70.4,60.2,3.6,0.07
7156099999.0,2023-08-16,72.5,59.5,5.1,0.0
7156099999.0,2023-08-17,73.8,62.7,5.1,0.0
7156099999.0,2023-08-18,77.6,68.4,3.8,0.0
7156099999.0,2023-08-19,75.3,65.8,4.8,0.0
7156099999.0,2023-08-20,76.4,61.9,4.6,0.09
7156099999.0,2023-08-21,74.4,57.3,4.6,0.0
7156099999.0,2023-08-22,77.0,59.6,3.9,0.0
7156099999.0,2023-08-23,77.3,61.6,4.2,0.0
7156099999.0,2023-08-24,75.1,65.0,4.7,0.0
7156099999.0,2023-08-25,68.7,60.8,4.8,0.02
7156099999.0,2023-08-26,64.4,53.2,5.1,0.0
7156099999.0,2023-08-27,62.0,53.1,5.0,0.06
7156099999.0,2023-08-28,62.2,52.9,4.9,0.16
7156099999.0,2023-08-29,63.1,52.3,4.0,0.0
7156099999.0,2023-08-30,62.5,50.0,5.4,0.0
7156099999.0,2023-08-31,62.4,56.2,4.5,0.0
7156099999.0,2023-09-01,67.8,60.5,5.5,0.06
7156099999.0,2023-09-02,73.0,61.9,4.2,0.01
7156099999.0,2023-09-03,76.6,63.4,5.0,0.0
7156099999.0,2023-09-04,75.9,60.9,6.0,0.0
7156099999.0,2023-09-05,78.1,58.5,3.4,0.0
7156099999.0,2023-09-06,79.7,61.9,3.5,0.0
7156099999.0,2023-09-07,76.0,59.0,2.7,0.0
7156099999.0,2023-09-08,80.8,61.8,2.9,0.0
7156099999.0,2023-09-09,82.2,60.8,4.3,0.0
7156099999.0,2023-09-10,81.5,59.1,4.1,0.0
7156099999.0,2023-09-11,74.8,62.2,5.4,0.0
7156099999.0,2023-09-12,66.6,62.6,3.9,0.0
7156099999.0,2023-09-13,66.6,61.0,3.1,0.44
7156099999.0,2023-09-14,66.5,59.3,2.7,0.0
7156099999.0,2023-09-15,69.7,55.7,3.6,0.0
7156099999.0,2023-09-16,69.8,59.5,2.8,0.0
7156099999.0,2023-09-17,70.4,63.2,4.1,0.0
7156099999.0,2023-09-18,66.5,59.6,7.4,0.24
7156099999.0,2023-09-19,60.6,52.5,6.6,0.24
7156099999.0,2023-09-20,68.3,58.0,7.6,0.0
7156099999.0,2023-09-21,61.6,57.8,7.1,0.13
7156099999.0,2023-09-22,57.0,50.2,6.8,0.39
7156099999.0,2023-09-23,57.0,48.0,4.2,0.13
7156099999.0,2023-09-24,58.4,47.6,5.0,0.0
7156099999.0,2023-09-25,62.5,53.6,3.3,0.0
7156099999.0,2023-09-26,66.3,55.0,3.4,0.0
7156099999.0,2023-09-27,68.6,57.7,4.5,0.0
7156099999.0,2023-09-28,66.6,56.4,4.2,0.0
7156099999.0,2023-09-29,65.8,55.7,6.4,0.0
7156099999.0,2023-09-30,62.2,53.8,2.7,0.0
7156099999.0,2023-10-01,66.5,57.2,3.9,0.01
7156099999.0,2023-10-02,69.6,58.8,4.6,0.0
7156099999.0,2023-10-03,65.3,54.9,6.2,0.0
7156099999.0,2023-10-04,58.0,48.9,3.2,0.04
7156099999.0,2023-10-05,58.6,49.3,2.6,0.0
7156099999.0,2023-10-06,58.9,47.9,2.9,0.0
7156099999.0,2023-10-07,63.0,51.5,3.4,0.0
7156099999.0,2023-10-08,65.8,54.6,2.3,0.0
7156099999.0,2023-10-09,66.4,52.6,2.6,0.01
7156099999.0,2023-10-10,66.5,52.0,3.9,0.0
7156099999.0,2023-10-11,66.2,50.5,4.7,0.0
7156099999.0,2023-10-12,66.1,58.7,4.5,0.0
7156099999.0,2023-10-13,69.4,58.1,9.6,0.15
7156099999.0,2023-10-14,56.6,46.9,6.6,0.08
7156099999.0,2023-10-15,51.1,38.6,4.9,0.0
7156099999.0,2023-10-16,48.8,36.1,6.8,0.0
7156099999.0,2023-10-17,51.5,41.4,5.0,0.0
7156099999.0,2023-10-18,59.2,54.0,6.7,0.02
7156099999.0,2023-10-19,63.7,57.7,7.4,0.22
7156099999.0,2023-10-20,59.2,56.0,4.9,0.28
7156099999.0,2023-10-21,56.1,50.7,11.4,0.17
7156099999.0,2023-10-22,55.0,49.7,5.5,0.19
7156099999.0,2023-10-23,51.4,49.1,4.3,0.01
7156099999.0,2023-10-24,55.3,49.9,5.2,0.3
7156099999.0,2023-10-25,55.4,51.8,6.5,0.21
7156099999.0,2023-10-26,55.6,52.3,5.4,0.22
7156099999.0,2023-10-27,54.0,50.4,6.4,0.76
7156099999.0,2023-10-28,55.0,51.5,9.0,0.07
7156099999.0,2023-10-29,56.2,50.6,8.8,0.35
7156099999.0,2023-10-30,52.5,50.7,4.1,0.13
7156099999.0,2023-10-31,53.9,49.9,6.2,0.3
7156099999.0,2023-11-01,54.3,50.2,9.0,0.01
7156099999.0,2023-11-02,53.0,43.9,14.0,0.4
7156099999.0,2023-11-03,46.9,42.6,6.3,0.01
7156099999.0,2023-11-04,51.0,46.7,10.5,0.05
7156099999.0,2023-11-05,52.5,46.1,9.4,0.42
7156099999.0,2023-11-06,50.9,45.8,7.3,0.03
7156099999.0,2023-11-07,49.6,43.3,6.5,0.02
7156099999.0,2023-11-08,49.9,45.6,9.0,0.0
7156099999.0,2023-11-09,49.6,45.7,7.3,0.06
7156099999.0,2023-11-10,48.1,42.9,9.0,0.09
7156099999.0,2023-11-11,46.9,43.1,4.8,0.09
7156099999.0,2023-11-12,49.4,47.9,5.7,0.24
7156099999.0,2023-11-13,58.1,54.5,8.3,0.27
7156099999.0,2023-11-14,54.5,49.0,8.9,0.06
7156099999.0,2023-11-15,51.5,46.4,6.8,0.06
7156099999.0,2023-11-16,48.2,46.5,6.0,0.07
7156099999.0,2023-11-17,48.3,44.1,4.6,0.74
7156099999.0,2023-11-18,51.8,50.2,6.6,0.18
7156099999.0,2023-11-19,55.9,49.8,7.6,0.48
7156099999.0,2023-11-20,51.6,46.5,6.9,0.0
7156099999.0,2023-11-21,51.6,48.5,6.6,0.05
7156099999.0,2023-11-22,46.3,37.9,7.3,0.09
7156099999.0,2023-11-23,50.9,46.1,4.5,0.0
7156099999.0,2023-11-24,48.9,40.2,8.2,0.01
7156099999.0,2023-11-25,41.9,33.1,6.5,0.02
7156099999.0,2023-11-26,39.7,33.3,4.2,0.0
7156099999.0,2023-11-27,43.7,40.8,7.3,0.06
7156099999.0,2023-11-28,42.3,36.2,6.6,0.24
7156099999.0,2023-11-29,42.0,37.3,4.1,0.0
7156099999.0,2023-11-30,40.7,35.1,4.4,0.0
7156099999.0,2023-12-01,37.3,31.7,6.8,0.0
7156099999.0,2023-12-02,33.4,24.4,5.8,0.0
7156099999.0,2023-12-03,34.1,25.6,7.9,0.0
7156099999.0,2023-12-04,43.5,38.8,7.9,0.1
7156099999.0,2023-12-05,45.5,41.2,7.7,0.56
7156099999.0,2023-12-06,43.0,38.6,4.1,0.03
7156099999.0,2023-12-07,40.3,37.0,7.1,0.0
7156099999.0,2023-12-08,47.1,44.9,4.3,0.4
7156099999.0,2023-12-09,49.3,45.9,10.8,0.02
7156099999.0,2023-12-10,50.9,47.0,8.6,0.65
7156099999.0,2023-12-11,52.1,47.9,5.2,0.14
7156099999.0,2023-12-12,52.9,50.3,5.9,0.02
7156099999.0,2023-12-13,48.0,44.7,6.2,0.07
7156099999.0,2023-12-14,46.7,41.4,7.1,0.08
7156099999.0,2023-12-15,48.6,43.2,4.0,0.06
7156099999.0,2023-12-16,45.2,38.0,3.1,0.0
7156099999.0,2023-12-17,37.0,35.3,3.9,0.0
7156099999.0,2023-12-18,35.4,33.9,4.5,0.0
7156099999.0,2023-12-19,44.0,41.2,6.9,0.0
7156099999.0,2023-12-20,47.2,42.2,7.2,0.09
7156099999.0,2023-12-21,51.9,47.4,9.1,0.0
7156099999.0,2023-12-22,50.9,45.5,8.6,0.02
7156099999.0,2023-12-23,51.1,44.5,8.1,0.03
7156099999.0,2023-12-24,52.2,45.0,8.9,0.0
7156099999.0,2023-12-25,53.2,47.4,7.3,0.0
7156099999.0,2023-12-26,51.4,47.1,5.5,0.0
7156099999.0,2023-12-27,49.3,40.7,8.5,0.02
7156099999.0,2023-12-28,50.7,46.0,7.6,0.0
7156099999.0,2023-12-29,50.9,46.4,9.0,0.0
7156099999.0,2023-12-30,48.6,45.5,7.1,0.04
7156099999.0,2023-12-31,48.8,40.8,12.0,0.05
